id,context_id,split,question,program_answer,original_answer,context,table,pre_text,post_text,file_name,company_name,company_symbol,report_year,page_number,company_sector,company_industry,company_headquarters,company_cik,company_founded,repo_pdf_path
finqa_dev_130,finqa_dev_ctx_151,dev,"What percentage of the revised purchase price of Kichler, as reported in Masco Corporation's 2018 consolidated financial statements, is allocated to goodwill?",0.11657559198542805,11.7%,"masco corporation notes to consolidated financial statements ( continued ) c .
acquisitions on march 9 , 2018 , we acquired substantially all of the net assets of the l.d .
kichler co .
( ""kichler"" ) , a leader in decorative residential and light commercial lighting products , ceiling fans and led lighting systems .
this business expands our product offerings to our customers .
the results of this acquisition for the period from the acquisition date are included in the consolidated financial statements and are reported in the decorative architectural products segment .
we recorded $ 346 million of net sales as a result of this acquisition during 2018 .
the purchase price , net of $ 2 million cash acquired , consisted of $ 549 million paid with cash on hand .
since the acquisition , we have revised the allocation of the purchase price to identifiable assets and liabilities based on analysis of information as of the acquisition date that has been made available through december 31 , 2018 .
the allocation will continue to be updated through the measurement period , if necessary .
the preliminary allocation of the fair value of the acquisition of kichler is summarized in the following table , in millions. ._|    |                            | initial    | revised    |
|---:|:---------------------------|:-----------|:-----------|
|  0 | receivables                | $ 101      | $ 100      |
|  1 | inventories                | 173        | 166        |
|  2 | prepaid expenses and other | 5          | 5          |
|  3 | property and equipment     | 33         | 33         |
|  4 | goodwill                   | 46         | 64         |
|  5 | other intangible assets    | 243        | 240        |
|  6 | accounts payable           | -24 ( 24 ) | -24 ( 24 ) |
|  7 | accrued liabilities        | -25 ( 25 ) | -30 ( 30 ) |
|  8 | other liabilities          | -4 ( 4 )   | -5 ( 5 )   |
|  9 | total                      | $ 548      | $ 549      |_the goodwill acquired , which is generally tax deductible , is related primarily to the operational and financial synergies we expect to derive from combining kichler's operations into our business , as well as the assembled workforce .
the other intangible assets acquired consist of $ 59 million of indefinite-lived intangible assets , which is related to trademarks , and $ 181 million of definite-lived intangible assets .
the definite-lived intangible assets consist of $ 145 million related to customer relationships , which is being amortized on a straight-line basis over 20 years , and $ 36 million of other definite-lived intangible assets , which is being amortized over a weighted average amortization period of three years .
in the fourth quarter of 2017 , we acquired mercury plastics , inc. , a plastics processor and manufacturer of water handling systems for appliance and faucet applications , for approximately $ 89 million in cash .
this business is included in the plumbing products segment .
this acquisition enhances our ability to develop faucet technology and provides continuity of supply of quality faucet components .
in connection with this acquisition , we recognized $ 38 million of goodwill , which is tax deductible , and is related primarily to the expected synergies from combining the operations into our business. .","|    |                            | initial    | revised    |
|---:|:---------------------------|:-----------|:-----------|
|  0 | receivables                | $ 101      | $ 100      |
|  1 | inventories                | 173        | 166        |
|  2 | prepaid expenses and other | 5          | 5          |
|  3 | property and equipment     | 33         | 33         |
|  4 | goodwill                   | 46         | 64         |
|  5 | other intangible assets    | 243        | 240        |
|  6 | accounts payable           | -24 ( 24 ) | -24 ( 24 ) |
|  7 | accrued liabilities        | -25 ( 25 ) | -30 ( 30 ) |
|  8 | other liabilities          | -4 ( 4 )   | -5 ( 5 )   |
|  9 | total                      | $ 548      | $ 549      |","masco corporation notes to consolidated financial statements ( continued ) c .
acquisitions on march 9 , 2018 , we acquired substantially all of the net assets of the l.d .
kichler co .
( ""kichler"" ) , a leader in decorative residential and light commercial lighting products , ceiling fans and led lighting systems .
this business expands our product offerings to our customers .
the results of this acquisition for the period from the acquisition date are included in the consolidated financial statements and are reported in the decorative architectural products segment .
we recorded $ 346 million of net sales as a result of this acquisition during 2018 .
the purchase price , net of $ 2 million cash acquired , consisted of $ 549 million paid with cash on hand .
since the acquisition , we have revised the allocation of the purchase price to identifiable assets and liabilities based on analysis of information as of the acquisition date that has been made available through december 31 , 2018 .
the allocation will continue to be updated through the measurement period , if necessary .
the preliminary allocation of the fair value of the acquisition of kichler is summarized in the following table , in millions. .","the goodwill acquired , which is generally tax deductible , is related primarily to the operational and financial synergies we expect to derive from combining kichler's operations into our business , as well as the assembled workforce .
the other intangible assets acquired consist of $ 59 million of indefinite-lived intangible assets , which is related to trademarks , and $ 181 million of definite-lived intangible assets .
the definite-lived intangible assets consist of $ 145 million related to customer relationships , which is being amortized on a straight-line basis over 20 years , and $ 36 million of other definite-lived intangible assets , which is being amortized over a weighted average amortization period of three years .
in the fourth quarter of 2017 , we acquired mercury plastics , inc. , a plastics processor and manufacturer of water handling systems for appliance and faucet applications , for approximately $ 89 million in cash .
this business is included in the plumbing products segment .
this acquisition enhances our ability to develop faucet technology and provides continuity of supply of quality faucet components .
in connection with this acquisition , we recognized $ 38 million of goodwill , which is tax deductible , and is related primarily to the expected synergies from combining the operations into our business. .",pdf/MAS/2018/page_60.pdf,Masco,MAS,2018,60,Industrials,Building Products,"Livonia, Michigan",62996,1929,data/FinQA/dev/pdf/MAS/2018/page_60.pdf
finqa_dev_142,finqa_dev_ctx_67,dev,"What was the average provision recapture in millions for purchased impaired loans at PNC Financial Services for the years 2015 and 2014, as reported in their 2015 Form 10-K?",86.5,86.5,"during 2015 , $ 82 million of provision recapture was recorded for purchased impaired loans compared to $ 91 million of provision recapture during 2014 .
charge-offs ( which were specifically for commercial loans greater than a defined threshold ) during 2015 were $ 12 million compared to $ 42 million during 2014 .
at december 31 , 2015 and december 31 , 2014 , the alll on total purchased impaired loans was $ .3 billion and $ .9 billion , respectively .
the decline in alll was primarily due to the change in our derecognition policy .
for purchased impaired loan pools where an allowance has been recognized , subsequent increases in the net present value of cash flows will result in a provision recapture of any previously recorded alll to the extent applicable , and/or a reclassification from non-accretable difference to accretable yield , which will be recognized prospectively .
individual loan transactions where final dispositions have occurred ( as noted above ) result in removal of the loans from their applicable pools for cash flow estimation purposes .
the cash flow re- estimation process is completed quarterly to evaluate the appropriateness of the alll associated with the purchased impaired loans .
activity for the accretable yield during 2015 and 2014 follows : table 66 : purchased impaired loans 2013 accretable yield ._|    | in millions                                             | 2015         | 2014         |
|---:|:--------------------------------------------------------|:-------------|:-------------|
|  0 | january 1                                               | $ 1558       | $ 2055       |
|  1 | accretion ( including excess cash recoveries )          | -466 ( 466 ) | -587 ( 587 ) |
|  2 | net reclassifications to accretable from non-accretable | 226          | 208          |
|  3 | disposals                                               | -68 ( 68 )   | -118 ( 118 ) |
|  4 | december 31                                             | $ 1250       | $ 1558       |_note 5 allowances for loan and lease losses and unfunded loan commitments and letters of credit allowance for loan and lease losses we maintain the alll at levels that we believe to be appropriate to absorb estimated probable credit losses incurred in the portfolios as of the balance sheet date .
we use the two main portfolio segments 2013 commercial lending and consumer lending 2013 and develop and document the alll under separate methodologies for each of these segments as discussed in note 1 accounting policies .
a rollforward of the alll and associated loan data follows .
the pnc financial services group , inc .
2013 form 10-k 141 .","|    | in millions                                             | 2015         | 2014         |
|---:|:--------------------------------------------------------|:-------------|:-------------|
|  0 | january 1                                               | $ 1558       | $ 2055       |
|  1 | accretion ( including excess cash recoveries )          | -466 ( 466 ) | -587 ( 587 ) |
|  2 | net reclassifications to accretable from non-accretable | 226          | 208          |
|  3 | disposals                                               | -68 ( 68 )   | -118 ( 118 ) |
|  4 | december 31                                             | $ 1250       | $ 1558       |","during 2015 , $ 82 million of provision recapture was recorded for purchased impaired loans compared to $ 91 million of provision recapture during 2014 .
charge-offs ( which were specifically for commercial loans greater than a defined threshold ) during 2015 were $ 12 million compared to $ 42 million during 2014 .
at december 31 , 2015 and december 31 , 2014 , the alll on total purchased impaired loans was $ .3 billion and $ .9 billion , respectively .
the decline in alll was primarily due to the change in our derecognition policy .
for purchased impaired loan pools where an allowance has been recognized , subsequent increases in the net present value of cash flows will result in a provision recapture of any previously recorded alll to the extent applicable , and/or a reclassification from non-accretable difference to accretable yield , which will be recognized prospectively .
individual loan transactions where final dispositions have occurred ( as noted above ) result in removal of the loans from their applicable pools for cash flow estimation purposes .
the cash flow re- estimation process is completed quarterly to evaluate the appropriateness of the alll associated with the purchased impaired loans .
activity for the accretable yield during 2015 and 2014 follows : table 66 : purchased impaired loans 2013 accretable yield .","note 5 allowances for loan and lease losses and unfunded loan commitments and letters of credit allowance for loan and lease losses we maintain the alll at levels that we believe to be appropriate to absorb estimated probable credit losses incurred in the portfolios as of the balance sheet date .
we use the two main portfolio segments 2013 commercial lending and consumer lending 2013 and develop and document the alll under separate methodologies for each of these segments as discussed in note 1 accounting policies .
a rollforward of the alll and associated loan data follows .
the pnc financial services group , inc .
2013 form 10-k 141 .",pdf/PNC/2015/page_159.pdf,PNC Financial Services,PNC,2015,159,Financials,Regional Banks,"Pittsburgh, Pennsylvania",713676,1845,data/FinQA/dev/pdf/PNC/2015/page_159.pdf
finqa_dev_178,finqa_dev_ctx_211,dev,"In the 2015 report of AES Corporation, a utilities company, what was the percentage increase in net cash provided by operating activities from 2013 to 2014?",0.19151312116136238,19%,"proportional free cash flow ( a non-gaap measure ) we define proportional free cash flow as cash flows from operating activities less maintenance capital expenditures ( including non-recoverable environmental capital expenditures ) , adjusted for the estimated impact of noncontrolling interests .
the proportionate share of cash flows and related adjustments attributable to noncontrolling interests in our subsidiaries comprise the proportional adjustment factor presented in the reconciliation below .
upon the company's adoption of the accounting guidance for service concession arrangements effective january 1 , 2015 , capital expenditures related to service concession assets that would have been classified as investing activities on the consolidated statement of cash flows are now classified as operating activities .
see note 1 2014general and summary of significant accounting policies of this form 10-k for further information on the adoption of this guidance .
beginning in the quarter ended march 31 , 2015 , the company changed the definition of proportional free cash flow to exclude the cash flows for capital expenditures related to service concession assets that are now classified within net cash provided by operating activities on the consolidated statement of cash flows .
the proportional adjustment factor for these capital expenditures is presented in the reconciliation below .
we also exclude environmental capital expenditures that are expected to be recovered through regulatory , contractual or other mechanisms .
an example of recoverable environmental capital expenditures is ipl's investment in mats-related environmental upgrades that are recovered through a tracker .
see item 1 . 2014us sbu 2014ipl 2014environmental matters for details of these investments .
the gaap measure most comparable to proportional free cash flow is cash flows from operating activities .
we believe that proportional free cash flow better reflects the underlying business performance of the company , as it measures the cash generated by the business , after the funding of maintenance capital expenditures , that may be available for investing or repaying debt or other purposes .
factors in this determination include the impact of noncontrolling interests , where aes consolidates the results of a subsidiary that is not wholly-owned by the company .
the presentation of free cash flow has material limitations .
proportional free cash flow should not be construed as an alternative to cash from operating activities , which is determined in accordance with gaap .
proportional free cash flow does not represent our cash flow available for discretionary payments because it excludes certain payments that are required or to which we have committed , such as debt service requirements and dividend payments .
our definition of proportional free cash flow may not be comparable to similarly titled measures presented by other companies .
calculation of proportional free cash flow ( in millions ) 2015 2014 2013 2015/2014change 2014/2013 change ._|    | calculation of proportional free cash flow ( in millions )                             | 2015         | 2014         | 2013         | 2015/2014 change   | 2014/2013 change   |
|---:|:---------------------------------------------------------------------------------------|:-------------|:-------------|:-------------|:-------------------|:-------------------|
|  0 | net cash provided by operating activities                                              | $ 2134       | $ 1791       | $ 2715       | $ 343              | $ -924 ( 924 )     |
|  1 | add : capital expenditures related to service concession assets ( 1 )                  | 165          | 2014         | 2014         | 165                | 2014               |
|  2 | adjusted operating cash flow                                                           | 2299         | 1791         | 2715         | 508                | -924 ( 924 )       |
|  3 | less : proportional adjustment factor on operating cash activities ( 2 ) ( 3 )         | -558 ( 558 ) | -359 ( 359 ) | -834 ( 834 ) | -199 ( 199 )       | 475                |
|  4 | proportional adjusted operating cash flow                                              | 1741         | 1432         | 1881         | 309                | -449 ( 449 )       |
|  5 | less : proportional maintenance capital expenditures net of reinsurance proceeds ( 2 ) | -449 ( 449 ) | -485 ( 485 ) | -535 ( 535 ) | 36                 | 50                 |
|  6 | less : proportional non-recoverable environmental capital expenditures ( 2 ) ( 4 )     | -51 ( 51 )   | -56 ( 56 )   | -75 ( 75 )   | 5                  | 19                 |
|  7 | proportional free cash flow                                                            | $ 1241       | $ 891        | $ 1271       | $ 350              | $ -380 ( 380 )     |_( 1 ) service concession asset expenditures excluded from proportional free cash flow non-gaap metric .
( 2 ) the proportional adjustment factor , proportional maintenance capital expenditures ( net of reinsurance proceeds ) and proportional non-recoverable environmental capital expenditures are calculated by multiplying the percentage owned by noncontrolling interests for each entity by its corresponding consolidated cash flow metric and are totaled to the resulting figures .
for example , parent company a owns 20% ( 20 % ) of subsidiary company b , a consolidated subsidiary .
thus , subsidiary company b has an 80% ( 80 % ) noncontrolling interest .
assuming a consolidated net cash flow from operating activities of $ 100 from subsidiary b , the proportional adjustment factor for subsidiary b would equal $ 80 ( or $ 100 x 80% ( 80 % ) ) .
the company calculates the proportional adjustment factor for each consolidated business in this manner and then sums these amounts to determine the total proportional adjustment factor used in the reconciliation .
the proportional adjustment factor may differ from the proportion of income attributable to noncontrolling interests as a result of ( a ) non-cash items which impact income but not cash and ( b ) aes' ownership interest in the subsidiary where such items occur .
( 3 ) includes proportional adjustment amount for service concession asset expenditures of $ 84 million for the year ended december 31 , 2015 .
the company adopted service concession accounting effective january 1 , 2015 .
( 4 ) excludes ipl's proportional recoverable environmental capital expenditures of $ 205 million , $ 163 million and $ 110 million for the years december 31 , 2015 , 2014 and 2013 , respectively. .","|    | calculation of proportional free cash flow ( in millions )                             | 2015         | 2014         | 2013         | 2015/2014 change   | 2014/2013 change   |
|---:|:---------------------------------------------------------------------------------------|:-------------|:-------------|:-------------|:-------------------|:-------------------|
|  0 | net cash provided by operating activities                                              | $ 2134       | $ 1791       | $ 2715       | $ 343              | $ -924 ( 924 )     |
|  1 | add : capital expenditures related to service concession assets ( 1 )                  | 165          | 2014         | 2014         | 165                | 2014               |
|  2 | adjusted operating cash flow                                                           | 2299         | 1791         | 2715         | 508                | -924 ( 924 )       |
|  3 | less : proportional adjustment factor on operating cash activities ( 2 ) ( 3 )         | -558 ( 558 ) | -359 ( 359 ) | -834 ( 834 ) | -199 ( 199 )       | 475                |
|  4 | proportional adjusted operating cash flow                                              | 1741         | 1432         | 1881         | 309                | -449 ( 449 )       |
|  5 | less : proportional maintenance capital expenditures net of reinsurance proceeds ( 2 ) | -449 ( 449 ) | -485 ( 485 ) | -535 ( 535 ) | 36                 | 50                 |
|  6 | less : proportional non-recoverable environmental capital expenditures ( 2 ) ( 4 )     | -51 ( 51 )   | -56 ( 56 )   | -75 ( 75 )   | 5                  | 19                 |
|  7 | proportional free cash flow                                                            | $ 1241       | $ 891        | $ 1271       | $ 350              | $ -380 ( 380 )     |","proportional free cash flow ( a non-gaap measure ) we define proportional free cash flow as cash flows from operating activities less maintenance capital expenditures ( including non-recoverable environmental capital expenditures ) , adjusted for the estimated impact of noncontrolling interests .
the proportionate share of cash flows and related adjustments attributable to noncontrolling interests in our subsidiaries comprise the proportional adjustment factor presented in the reconciliation below .
upon the company's adoption of the accounting guidance for service concession arrangements effective january 1 , 2015 , capital expenditures related to service concession assets that would have been classified as investing activities on the consolidated statement of cash flows are now classified as operating activities .
see note 1 2014general and summary of significant accounting policies of this form 10-k for further information on the adoption of this guidance .
beginning in the quarter ended march 31 , 2015 , the company changed the definition of proportional free cash flow to exclude the cash flows for capital expenditures related to service concession assets that are now classified within net cash provided by operating activities on the consolidated statement of cash flows .
the proportional adjustment factor for these capital expenditures is presented in the reconciliation below .
we also exclude environmental capital expenditures that are expected to be recovered through regulatory , contractual or other mechanisms .
an example of recoverable environmental capital expenditures is ipl's investment in mats-related environmental upgrades that are recovered through a tracker .
see item 1 . 2014us sbu 2014ipl 2014environmental matters for details of these investments .
the gaap measure most comparable to proportional free cash flow is cash flows from operating activities .
we believe that proportional free cash flow better reflects the underlying business performance of the company , as it measures the cash generated by the business , after the funding of maintenance capital expenditures , that may be available for investing or repaying debt or other purposes .
factors in this determination include the impact of noncontrolling interests , where aes consolidates the results of a subsidiary that is not wholly-owned by the company .
the presentation of free cash flow has material limitations .
proportional free cash flow should not be construed as an alternative to cash from operating activities , which is determined in accordance with gaap .
proportional free cash flow does not represent our cash flow available for discretionary payments because it excludes certain payments that are required or to which we have committed , such as debt service requirements and dividend payments .
our definition of proportional free cash flow may not be comparable to similarly titled measures presented by other companies .
calculation of proportional free cash flow ( in millions ) 2015 2014 2013 2015/2014change 2014/2013 change .","( 1 ) service concession asset expenditures excluded from proportional free cash flow non-gaap metric .
( 2 ) the proportional adjustment factor , proportional maintenance capital expenditures ( net of reinsurance proceeds ) and proportional non-recoverable environmental capital expenditures are calculated by multiplying the percentage owned by noncontrolling interests for each entity by its corresponding consolidated cash flow metric and are totaled to the resulting figures .
for example , parent company a owns 20% ( 20 % ) of subsidiary company b , a consolidated subsidiary .
thus , subsidiary company b has an 80% ( 80 % ) noncontrolling interest .
assuming a consolidated net cash flow from operating activities of $ 100 from subsidiary b , the proportional adjustment factor for subsidiary b would equal $ 80 ( or $ 100 x 80% ( 80 % ) ) .
the company calculates the proportional adjustment factor for each consolidated business in this manner and then sums these amounts to determine the total proportional adjustment factor used in the reconciliation .
the proportional adjustment factor may differ from the proportion of income attributable to noncontrolling interests as a result of ( a ) non-cash items which impact income but not cash and ( b ) aes' ownership interest in the subsidiary where such items occur .
( 3 ) includes proportional adjustment amount for service concession asset expenditures of $ 84 million for the year ended december 31 , 2015 .
the company adopted service concession accounting effective january 1 , 2015 .
( 4 ) excludes ipl's proportional recoverable environmental capital expenditures of $ 205 million , $ 163 million and $ 110 million for the years december 31 , 2015 , 2014 and 2013 , respectively. .",pdf/AES/2015/page_117.pdf,AES Corporation,AES,2015,117,Utilities,Independent Power Producers & Energy Traders,"Arlington, Virginia",874761,1981,data/FinQA/dev/pdf/AES/2015/page_117.pdf
finqa_dev_198,finqa_dev_ctx_280,dev,What is the expected percentage increase in the total capital investments of Union Pacific Corporation from $2.242 billion in 2006 to the anticipated amount in 2007?,-0.9985727029438003,42.9%,"the table below details cash capital investments for the years ended december 31 , 2006 , 2005 , and 2004 .
millions of dollars 2006 2005 2004 ._|    | millions of dollars                | 2006   | 2005   | 2004   |
|---:|:-----------------------------------|:-------|:-------|:-------|
|  0 | track                              | $ 1487 | $ 1472 | $ 1328 |
|  1 | capacity and commercial facilities | 510    | 509    | 347    |
|  2 | locomotives and freight cars       | 135    | 98     | 125    |
|  3 | other                              | 110    | 90     | 76     |
|  4 | total                              | $ 2242 | $ 2169 | $ 1876 |_in 2007 , we expect our total capital investments to be approximately $ 3.2 billion , which may include long- term leases .
these investments will be used to maintain track and structures , continue capacity expansions on our main lines in constrained corridors , remove bottlenecks , upgrade and augment equipment to better meet customer needs , build and improve facilities and terminals , and develop and implement new technologies .
we designed these investments to maintain infrastructure for safety , enhance customer service , promote growth , and improve operational fluidity .
we expect to fund our 2007 cash capital investments through cash generated from operations , the sale or lease of various operating and non-operating properties , and cash on hand at december 31 , 2006 .
we expect that these sources will continue to provide sufficient funds to meet our expected capital requirements for 2007 .
for the years ended december 31 , 2006 , 2005 , and 2004 , our ratio of earnings to fixed charges was 4.4 , 2.9 , and 2.1 , respectively .
the increases in 2006 and 2005 were driven by higher net income .
the ratio of earnings to fixed charges was computed on a consolidated basis .
earnings represent income from continuing operations , less equity earnings net of distributions , plus fixed charges and income taxes .
fixed charges represent interest charges , amortization of debt discount , and the estimated amount representing the interest portion of rental charges .
see exhibit 12 for the calculation of the ratio of earnings to fixed charges .
financing activities credit facilities 2013 on december 31 , 2006 , we had $ 2 billion in revolving credit facilities available , including $ 1 billion under a five-year facility expiring in march 2009 and $ 1 billion under a five-year facility expiring in march 2010 ( collectively , the ""facilities"" ) .
the facilities are designated for general corporate purposes and support the issuance of commercial paper .
neither of the facilities were drawn on in 2006 .
commitment fees and interest rates payable under the facilities are similar to fees and rates available to comparably rated investment-grade borrowers .
these facilities allow for borrowings at floating rates based on london interbank offered rates , plus a spread , depending upon our senior unsecured debt ratings .
the facilities require the maintenance of a minimum net worth and a debt to net worth coverage ratio .
at december 31 , 2006 , we were in compliance with these covenants .
the facilities do not include any other financial restrictions , credit rating triggers ( other than rating-dependent pricing ) , or any other provision that could require the posting of collateral .
in addition to our revolving credit facilities , we had $ 150 million in uncommitted lines of credit available , including $ 75 million that expires in march 2007 and $ 75 million expiring in may 2007 .
neither of these lines of credit were used as of december 31 , 2006 .
we must have equivalent credit available under our five-year facilities to draw on these $ 75 million lines .
dividends 2013 on january 30 , 2007 , we increased the quarterly dividend to $ 0.35 per share , payable beginning on april 2 , 2007 , to shareholders of record on february 28 , 2007 .
we expect to fund the increase in the quarterly dividend through cash generated from operations , the sale or lease of various operating and non-operating properties , and cash on hand at december 31 , 2006 .
dividend restrictions 2013 we are subject to certain restrictions related to the payment of cash dividends to our shareholders due to minimum net worth requirements under our credit facilities .
retained earnings available .","|    | millions of dollars                | 2006   | 2005   | 2004   |
|---:|:-----------------------------------|:-------|:-------|:-------|
|  0 | track                              | $ 1487 | $ 1472 | $ 1328 |
|  1 | capacity and commercial facilities | 510    | 509    | 347    |
|  2 | locomotives and freight cars       | 135    | 98     | 125    |
|  3 | other                              | 110    | 90     | 76     |
|  4 | total                              | $ 2242 | $ 2169 | $ 1876 |","the table below details cash capital investments for the years ended december 31 , 2006 , 2005 , and 2004 .
millions of dollars 2006 2005 2004 .","in 2007 , we expect our total capital investments to be approximately $ 3.2 billion , which may include long- term leases .
these investments will be used to maintain track and structures , continue capacity expansions on our main lines in constrained corridors , remove bottlenecks , upgrade and augment equipment to better meet customer needs , build and improve facilities and terminals , and develop and implement new technologies .
we designed these investments to maintain infrastructure for safety , enhance customer service , promote growth , and improve operational fluidity .
we expect to fund our 2007 cash capital investments through cash generated from operations , the sale or lease of various operating and non-operating properties , and cash on hand at december 31 , 2006 .
we expect that these sources will continue to provide sufficient funds to meet our expected capital requirements for 2007 .
for the years ended december 31 , 2006 , 2005 , and 2004 , our ratio of earnings to fixed charges was 4.4 , 2.9 , and 2.1 , respectively .
the increases in 2006 and 2005 were driven by higher net income .
the ratio of earnings to fixed charges was computed on a consolidated basis .
earnings represent income from continuing operations , less equity earnings net of distributions , plus fixed charges and income taxes .
fixed charges represent interest charges , amortization of debt discount , and the estimated amount representing the interest portion of rental charges .
see exhibit 12 for the calculation of the ratio of earnings to fixed charges .
financing activities credit facilities 2013 on december 31 , 2006 , we had $ 2 billion in revolving credit facilities available , including $ 1 billion under a five-year facility expiring in march 2009 and $ 1 billion under a five-year facility expiring in march 2010 ( collectively , the ""facilities"" ) .
the facilities are designated for general corporate purposes and support the issuance of commercial paper .
neither of the facilities were drawn on in 2006 .
commitment fees and interest rates payable under the facilities are similar to fees and rates available to comparably rated investment-grade borrowers .
these facilities allow for borrowings at floating rates based on london interbank offered rates , plus a spread , depending upon our senior unsecured debt ratings .
the facilities require the maintenance of a minimum net worth and a debt to net worth coverage ratio .
at december 31 , 2006 , we were in compliance with these covenants .
the facilities do not include any other financial restrictions , credit rating triggers ( other than rating-dependent pricing ) , or any other provision that could require the posting of collateral .
in addition to our revolving credit facilities , we had $ 150 million in uncommitted lines of credit available , including $ 75 million that expires in march 2007 and $ 75 million expiring in may 2007 .
neither of these lines of credit were used as of december 31 , 2006 .
we must have equivalent credit available under our five-year facilities to draw on these $ 75 million lines .
dividends 2013 on january 30 , 2007 , we increased the quarterly dividend to $ 0.35 per share , payable beginning on april 2 , 2007 , to shareholders of record on february 28 , 2007 .
we expect to fund the increase in the quarterly dividend through cash generated from operations , the sale or lease of various operating and non-operating properties , and cash on hand at december 31 , 2006 .
dividend restrictions 2013 we are subject to certain restrictions related to the payment of cash dividends to our shareholders due to minimum net worth requirements under our credit facilities .
retained earnings available .",pdf/UNP/2006/page_37.pdf,Union Pacific Corporation,UNP,2006,37,Industrials,Rail Transportation,"Omaha, Nebraska",100885,1862,data/FinQA/dev/pdf/UNP/2006/page_37.pdf
finqa_dev_233,finqa_dev_ctx_193,dev,"What percentage of Lockheed Martin's total commitment that expires in less than 1 year, as of December 31, 2005, is subject to renewal, according to the breakdown of commitment expiration by period?",0.9327835051546391,93.3%,"page 38 five years .
the amounts ultimately applied against our offset agreements are based on negotiations with the customer and generally require cash outlays that represent only a fraction of the original amount in the offset agreement .
at december 31 , 2005 , we had outstanding offset agreements totaling $ 8.4 bil- lion , primarily related to our aeronautics segment , that extend through 2015 .
to the extent we have entered into purchase obligations at december 31 , 2005 that also satisfy offset agree- ments , those amounts are included in the preceding table .
we have entered into standby letter of credit agreements and other arrangements with financial institutions and custom- ers mainly relating to advances received from customers and/or the guarantee of future performance on some of our contracts .
at december 31 , 2005 , we had outstanding letters of credit , surety bonds and guarantees , as follows : commitment expiration by period ( in millions ) commitment 1 year ( a ) years ( a ) standby letters of credit $ 2630 $ 2425 $ 171 $ 18 $ 16 ._|    | ( in millions )           | commitment expiration by period total commitment   | commitment expiration by period less than 1 year ( a )   | commitment expiration by period 1-3 years ( a )   | commitment expiration by period 3-5 years   | commitment expiration by period after 5 years   |
|---:|:--------------------------|:---------------------------------------------------|:---------------------------------------------------------|:--------------------------------------------------|:--------------------------------------------|:------------------------------------------------|
|  0 | standby letters of credit | $ 2630                                             | $ 2425                                                   | $ 171                                             | $ 18                                        | $ 16                                            |
|  1 | surety bonds              | 434                                                | 79                                                       | 352                                               | 3                                           | 2014                                            |
|  2 | guarantees                | 2                                                  | 1                                                        | 1                                                 | 2014                                        | 2014                                            |
|  3 | total commitments         | $ 3066                                             | $ 2505                                                   | $ 524                                             | $ 21                                        | $ 16                                            |_( a ) approximately $ 2262 million and $ 49 million of standby letters of credit in the 201cless than 1 year 201d and 201c1-3 year 201d periods , respectively , and approximately $ 38 million of surety bonds in the 201cless than 1 year 201d period are expected to renew for additional periods until completion of the contractual obligation .
included in the table above is approximately $ 200 million representing letter of credit and surety bond amounts for which related obligations or liabilities are also recorded in the bal- ance sheet , either as reductions of inventories , as customer advances and amounts in excess of costs incurred , or as other liabilities .
approximately $ 2 billion of the standby letters of credit in the table above were to secure advance payments received under an f-16 contract from an international cus- tomer .
these letters of credit are available for draw down in the event of our nonperformance , and the amount available will be reduced as certain events occur throughout the period of performance in accordance with the contract terms .
similar to the letters of credit for the f-16 contract , other letters of credit and surety bonds are available for draw down in the event of our nonperformance .
at december 31 , 2005 , we had no material off-balance sheet arrangements as those arrangements are defined by the securities and exchange commission ( sec ) .
quantitative and qualitative disclosure of market risk our main exposure to market risk relates to interest rates and foreign currency exchange rates .
our financial instruments that are subject to interest rate risk principally include fixed- rate and floating rate long-term debt .
if interest rates were to change by plus or minus 1% ( 1 % ) , interest expense would increase or decrease by approximately $ 10 million related to our float- ing rate debt .
the estimated fair values of the corporation 2019s long-term debt instruments at december 31 , 2005 aggregated approximately $ 6.2 billion , compared with a carrying amount of approximately $ 5.0 billion .
the majority of our long-term debt obligations are not callable until maturity .
we have used interest rate swaps in the past to manage our exposure to fixed and variable interest rates ; however , at year-end 2005 , we had no such agreements in place .
we use forward foreign exchange contracts to manage our exposure to fluctuations in foreign currency exchange rates , and do so in ways that qualify for hedge accounting treatment .
these exchange contracts hedge the fluctuations in cash flows associated with firm commitments or specific anticipated transactions contracted in foreign currencies , or hedge the exposure to rate changes affecting foreign currency denomi- nated assets or liabilities .
related gains and losses on these contracts , to the extent they are effective hedges , are recog- nized in income at the same time the hedged transaction is recognized or when the hedged asset or liability is adjusted .
to the extent the hedges are ineffective , gains and losses on the contracts are recognized in the current period .
at december 31 , 2005 , the fair value of forward exchange con- tracts outstanding , as well as the amounts of gains and losses recorded during the year then ended , were not material .
we do not hold or issue derivative financial instruments for trad- ing or speculative purposes .
recent accounting pronouncements in december 2004 , the fasb issued fas 123 ( r ) , share- based payments , which will impact our net earnings and earn- ings per share and change the classification of certain elements of the statement of cash flows .
fas 123 ( r ) requires stock options and other share-based payments made to employees to be accounted for as compensation expense and recorded at fair lockheed martin corporation management 2019s discussion and analysis of financial condition and results of operations december 31 , 2005 .","|    | ( in millions )           | commitment expiration by period total commitment   | commitment expiration by period less than 1 year ( a )   | commitment expiration by period 1-3 years ( a )   | commitment expiration by period 3-5 years   | commitment expiration by period after 5 years   |
|---:|:--------------------------|:---------------------------------------------------|:---------------------------------------------------------|:--------------------------------------------------|:--------------------------------------------|:------------------------------------------------|
|  0 | standby letters of credit | $ 2630                                             | $ 2425                                                   | $ 171                                             | $ 18                                        | $ 16                                            |
|  1 | surety bonds              | 434                                                | 79                                                       | 352                                               | 3                                           | 2014                                            |
|  2 | guarantees                | 2                                                  | 1                                                        | 1                                                 | 2014                                        | 2014                                            |
|  3 | total commitments         | $ 3066                                             | $ 2505                                                   | $ 524                                             | $ 21                                        | $ 16                                            |","page 38 five years .
the amounts ultimately applied against our offset agreements are based on negotiations with the customer and generally require cash outlays that represent only a fraction of the original amount in the offset agreement .
at december 31 , 2005 , we had outstanding offset agreements totaling $ 8.4 bil- lion , primarily related to our aeronautics segment , that extend through 2015 .
to the extent we have entered into purchase obligations at december 31 , 2005 that also satisfy offset agree- ments , those amounts are included in the preceding table .
we have entered into standby letter of credit agreements and other arrangements with financial institutions and custom- ers mainly relating to advances received from customers and/or the guarantee of future performance on some of our contracts .
at december 31 , 2005 , we had outstanding letters of credit , surety bonds and guarantees , as follows : commitment expiration by period ( in millions ) commitment 1 year ( a ) years ( a ) standby letters of credit $ 2630 $ 2425 $ 171 $ 18 $ 16 .","( a ) approximately $ 2262 million and $ 49 million of standby letters of credit in the 201cless than 1 year 201d and 201c1-3 year 201d periods , respectively , and approximately $ 38 million of surety bonds in the 201cless than 1 year 201d period are expected to renew for additional periods until completion of the contractual obligation .
included in the table above is approximately $ 200 million representing letter of credit and surety bond amounts for which related obligations or liabilities are also recorded in the bal- ance sheet , either as reductions of inventories , as customer advances and amounts in excess of costs incurred , or as other liabilities .
approximately $ 2 billion of the standby letters of credit in the table above were to secure advance payments received under an f-16 contract from an international cus- tomer .
these letters of credit are available for draw down in the event of our nonperformance , and the amount available will be reduced as certain events occur throughout the period of performance in accordance with the contract terms .
similar to the letters of credit for the f-16 contract , other letters of credit and surety bonds are available for draw down in the event of our nonperformance .
at december 31 , 2005 , we had no material off-balance sheet arrangements as those arrangements are defined by the securities and exchange commission ( sec ) .
quantitative and qualitative disclosure of market risk our main exposure to market risk relates to interest rates and foreign currency exchange rates .
our financial instruments that are subject to interest rate risk principally include fixed- rate and floating rate long-term debt .
if interest rates were to change by plus or minus 1% ( 1 % ) , interest expense would increase or decrease by approximately $ 10 million related to our float- ing rate debt .
the estimated fair values of the corporation 2019s long-term debt instruments at december 31 , 2005 aggregated approximately $ 6.2 billion , compared with a carrying amount of approximately $ 5.0 billion .
the majority of our long-term debt obligations are not callable until maturity .
we have used interest rate swaps in the past to manage our exposure to fixed and variable interest rates ; however , at year-end 2005 , we had no such agreements in place .
we use forward foreign exchange contracts to manage our exposure to fluctuations in foreign currency exchange rates , and do so in ways that qualify for hedge accounting treatment .
these exchange contracts hedge the fluctuations in cash flows associated with firm commitments or specific anticipated transactions contracted in foreign currencies , or hedge the exposure to rate changes affecting foreign currency denomi- nated assets or liabilities .
related gains and losses on these contracts , to the extent they are effective hedges , are recog- nized in income at the same time the hedged transaction is recognized or when the hedged asset or liability is adjusted .
to the extent the hedges are ineffective , gains and losses on the contracts are recognized in the current period .
at december 31 , 2005 , the fair value of forward exchange con- tracts outstanding , as well as the amounts of gains and losses recorded during the year then ended , were not material .
we do not hold or issue derivative financial instruments for trad- ing or speculative purposes .
recent accounting pronouncements in december 2004 , the fasb issued fas 123 ( r ) , share- based payments , which will impact our net earnings and earn- ings per share and change the classification of certain elements of the statement of cash flows .
fas 123 ( r ) requires stock options and other share-based payments made to employees to be accounted for as compensation expense and recorded at fair lockheed martin corporation management 2019s discussion and analysis of financial condition and results of operations december 31 , 2005 .",pdf/LMT/2005/page_40.pdf,Lockheed Martin,LMT,2005,40,Industrials,Aerospace & Defense,"Bethesda, Maryland",936468,1995,data/FinQA/dev/pdf/LMT/2005/page_40.pdf
finqa_dev_280,finqa_dev_ctx_47,dev,"What is the current ratio of Robert Mondavi, given that its current assets are $513,782 and its current liabilities are $310,919?",1.652462538474651,1.7,"c o n s t e l l a t i o n b r a n d s , i n c .
baroness philippine de rothschild announced an agree- ment to maintain equal ownership of opus one .
opus one produces fine wines at its napa valley winery .
the acquisition of robert mondavi supports the com- pany 2019s strategy of strengthening the breadth of its portfolio across price segments to capitalize on the overall growth in the premium , super-premium and fine wine categories .
the company believes that the acquired robert mondavi brand names have strong brand recognition globally .
the vast majority of sales from these brands are generated in the united states .
the company is leveraging the robert mondavi brands in the united states through its selling , marketing and distribution infrastructure .
the company also intends to further expand distribution for the robert mondavi brands in europe through its constellation europe infrastructure .
the robert mondavi acquisition supports the com- pany 2019s strategy of growth and breadth across categories and geographies , and strengthens its competitive position in its core markets .
the robert mondavi acquisition provides the company with a greater presence in the growing premium , super-premium and fine wine sectors within the united states and the ability to capitalize on the broader geographic distribution in strategic international markets .
in particular , the company believes there are growth opportunities for premium , super-premium and fine wines in the united kingdom and other 201cnew world 201d wine markets .
total con- sideration paid in cash to the robert mondavi shareholders was $ 1030.7 million .
additionally , the company incurred direct acquisition costs of $ 12.0 million .
the purchase price was financed with borrowings under the company 2019s 2004 credit agreement ( as defined in note 9 ) .
in accordance with the purchase method of accounting , the acquired net assets are recorded at fair value at the date of acquisition .
the purchase price was based primarily on the estimated future operating results of the robert mondavi business , including the factors described above , as well as an estimated benefit from operating cost synergies .
the results of operations of the robert mondavi busi- ness are reported in the constellation wines segment and have been included in the consolidated statements of income since the acquisition date .
the following table summarizes the fair values of the assets acquired and liabilities assumed in the robert mondavi acquisition at the date of acquisition , as adjusted for the final appraisal : ( in thousands ) ._|    | current assets               | $ 513782   |
|---:|:-----------------------------|:-----------|
|  0 | property plant and equipment | 438140     |
|  1 | other assets                 | 124450     |
|  2 | trademarks                   | 138000     |
|  3 | goodwill                     | 634203     |
|  4 | total assets acquired        | 1848575    |
|  5 | current liabilities          | 310919     |
|  6 | long-term liabilities        | 494995     |
|  7 | total liabilities assumed    | 805914     |
|  8 | net assets acquired          | $ 1042661  |_the trademarks are not subject to amortization .
none of the goodwill is expected to be deductible for tax purposes .
following the robert mondavi acquisition , the company sold certain of the acquired vineyard properties and related assets , investments accounted for under the equity method , and other winery properties and related assets , during the years ended february 28 , 2006 , and february 28 , 2005 .
the company realized net proceeds of $ 170.8 million from the sale of these assets during the year ended february 28 , 2006 .
amounts realized during the year ended february 28 , 2005 , were not material .
no gain or loss has been recognized upon the sale of these assets .
hardy acquisition 2013 on march 27 , 2003 , the company acquired control of brl hardy limited , now known as hardy wine company limited ( 201chardy 201d ) , and on april 9 , 2003 , the company completed its acquisition of all of hardy 2019s outstanding capital stock .
as a result of the acquisi- tion of hardy , the company also acquired the remaining 50% ( 50 % ) ownership of pacific wine partners llc ( 201cpwp 201d ) , the joint venture the company established with hardy in july 2001 .
the acquisition of hardy along with the remaining interest in pwp is referred to together as the 201chardy acquisition . 201d through this acquisition , the company acquired one of australia 2019s largest wine producers with interests in wineries and vineyards in most of australia 2019s major wine regions as well as new zealand and the united states and hardy 2019s marketing and sales operations in the united kingdom .
in october 2005 , pwp was merged into another subsidiary of the company .
total consideration paid in cash and class a common stock to the hardy shareholders was $ 1137.4 million .
additionally , the company recorded direct acquisition costs of $ 17.2 million .
the acquisition date for accounting pur- poses is march 27 , 2003 .
the company has recorded a $ 1.6 million reduction in the purchase price to reflect imputed interest between the accounting acquisition date and the final payment of consideration .
this charge is included as interest expense in the consolidated statement of income for the year ended february 29 , 2004 .
the cash portion of the purchase price paid to the hardy shareholders and optionholders ( $ 1060.2 million ) was financed with $ 660.2 million of borrowings under the company 2019s then existing credit agreement and $ 400.0 million of borrowings under the company 2019s then existing bridge loan agreement .
addi- tionally , the company issued 6577826 shares of the com- pany 2019s class a common stock , which were valued at $ 77.2 million based on the simple average of the closing market price of the company 2019s class a common stock beginning two days before and ending two days after april 4 , 2003 , the day the hardy shareholders elected the form of consid- eration they wished to receive .
the purchase price was based primarily on a discounted cash flow analysis that contemplated , among other things , the value of a broader geographic distribution in strategic international markets and a presence in the important australian winemaking regions .
the company and hardy have complementary businesses that share a common growth orientation and operating philosophy .
the hardy acquisition supports the company 2019s strategy of growth and breadth across categories .","|    | current assets               | $ 513782   |
|---:|:-----------------------------|:-----------|
|  0 | property plant and equipment | 438140     |
|  1 | other assets                 | 124450     |
|  2 | trademarks                   | 138000     |
|  3 | goodwill                     | 634203     |
|  4 | total assets acquired        | 1848575    |
|  5 | current liabilities          | 310919     |
|  6 | long-term liabilities        | 494995     |
|  7 | total liabilities assumed    | 805914     |
|  8 | net assets acquired          | $ 1042661  |","c o n s t e l l a t i o n b r a n d s , i n c .
baroness philippine de rothschild announced an agree- ment to maintain equal ownership of opus one .
opus one produces fine wines at its napa valley winery .
the acquisition of robert mondavi supports the com- pany 2019s strategy of strengthening the breadth of its portfolio across price segments to capitalize on the overall growth in the premium , super-premium and fine wine categories .
the company believes that the acquired robert mondavi brand names have strong brand recognition globally .
the vast majority of sales from these brands are generated in the united states .
the company is leveraging the robert mondavi brands in the united states through its selling , marketing and distribution infrastructure .
the company also intends to further expand distribution for the robert mondavi brands in europe through its constellation europe infrastructure .
the robert mondavi acquisition supports the com- pany 2019s strategy of growth and breadth across categories and geographies , and strengthens its competitive position in its core markets .
the robert mondavi acquisition provides the company with a greater presence in the growing premium , super-premium and fine wine sectors within the united states and the ability to capitalize on the broader geographic distribution in strategic international markets .
in particular , the company believes there are growth opportunities for premium , super-premium and fine wines in the united kingdom and other 201cnew world 201d wine markets .
total con- sideration paid in cash to the robert mondavi shareholders was $ 1030.7 million .
additionally , the company incurred direct acquisition costs of $ 12.0 million .
the purchase price was financed with borrowings under the company 2019s 2004 credit agreement ( as defined in note 9 ) .
in accordance with the purchase method of accounting , the acquired net assets are recorded at fair value at the date of acquisition .
the purchase price was based primarily on the estimated future operating results of the robert mondavi business , including the factors described above , as well as an estimated benefit from operating cost synergies .
the results of operations of the robert mondavi busi- ness are reported in the constellation wines segment and have been included in the consolidated statements of income since the acquisition date .
the following table summarizes the fair values of the assets acquired and liabilities assumed in the robert mondavi acquisition at the date of acquisition , as adjusted for the final appraisal : ( in thousands ) .","the trademarks are not subject to amortization .
none of the goodwill is expected to be deductible for tax purposes .
following the robert mondavi acquisition , the company sold certain of the acquired vineyard properties and related assets , investments accounted for under the equity method , and other winery properties and related assets , during the years ended february 28 , 2006 , and february 28 , 2005 .
the company realized net proceeds of $ 170.8 million from the sale of these assets during the year ended february 28 , 2006 .
amounts realized during the year ended february 28 , 2005 , were not material .
no gain or loss has been recognized upon the sale of these assets .
hardy acquisition 2013 on march 27 , 2003 , the company acquired control of brl hardy limited , now known as hardy wine company limited ( 201chardy 201d ) , and on april 9 , 2003 , the company completed its acquisition of all of hardy 2019s outstanding capital stock .
as a result of the acquisi- tion of hardy , the company also acquired the remaining 50% ( 50 % ) ownership of pacific wine partners llc ( 201cpwp 201d ) , the joint venture the company established with hardy in july 2001 .
the acquisition of hardy along with the remaining interest in pwp is referred to together as the 201chardy acquisition . 201d through this acquisition , the company acquired one of australia 2019s largest wine producers with interests in wineries and vineyards in most of australia 2019s major wine regions as well as new zealand and the united states and hardy 2019s marketing and sales operations in the united kingdom .
in october 2005 , pwp was merged into another subsidiary of the company .
total consideration paid in cash and class a common stock to the hardy shareholders was $ 1137.4 million .
additionally , the company recorded direct acquisition costs of $ 17.2 million .
the acquisition date for accounting pur- poses is march 27 , 2003 .
the company has recorded a $ 1.6 million reduction in the purchase price to reflect imputed interest between the accounting acquisition date and the final payment of consideration .
this charge is included as interest expense in the consolidated statement of income for the year ended february 29 , 2004 .
the cash portion of the purchase price paid to the hardy shareholders and optionholders ( $ 1060.2 million ) was financed with $ 660.2 million of borrowings under the company 2019s then existing credit agreement and $ 400.0 million of borrowings under the company 2019s then existing bridge loan agreement .
addi- tionally , the company issued 6577826 shares of the com- pany 2019s class a common stock , which were valued at $ 77.2 million based on the simple average of the closing market price of the company 2019s class a common stock beginning two days before and ending two days after april 4 , 2003 , the day the hardy shareholders elected the form of consid- eration they wished to receive .
the purchase price was based primarily on a discounted cash flow analysis that contemplated , among other things , the value of a broader geographic distribution in strategic international markets and a presence in the important australian winemaking regions .
the company and hardy have complementary businesses that share a common growth orientation and operating philosophy .
the hardy acquisition supports the company 2019s strategy of growth and breadth across categories .",pdf/STZ/2006/page_68.pdf,Constellation Brands,STZ,2006,68,Consumer Staples,Distillers & Vintners,"Rochester, New York",16918,1945,data/FinQA/dev/pdf/STZ/2006/page_68.pdf
finqa_dev_298,finqa_dev_ctx_167,dev,"What percentage of Eli Lilly's total inventory at December 31, 2018, consisted of finished products?",0.24030838075781896,24.03%,"note 6 : inventories we use the last-in , first-out ( lifo ) method for the majority of our inventories located in the continental u.s .
other inventories are valued by the first-in , first-out ( fifo ) method .
fifo cost approximates current replacement cost .
inventories measured using lifo must be valued at the lower of cost or market .
inventories measured using fifo must be valued at the lower of cost or net realizable value .
inventories at december 31 consisted of the following: ._|    |                                         | 2018           | 2017     |
|---:|:----------------------------------------|:---------------|:---------|
|  0 | finished products                       | $ 988.1        | $ 1211.4 |
|  1 | work in process                         | 2628.2         | 2697.7   |
|  2 | raw materials and supplies              | 506.5          | 488.8    |
|  3 | total ( approximates replacement cost ) | 4122.8         | 4397.9   |
|  4 | increase ( reduction ) to lifo cost     | -11.0 ( 11.0 ) | 60.4     |
|  5 | inventories                             | $ 4111.8       | $ 4458.3 |_inventories valued under the lifo method comprised $ 1.57 billion and $ 1.56 billion of total inventories at december 31 , 2018 and 2017 , respectively .
note 7 : financial instruments financial instruments that potentially subject us to credit risk consist principally of trade receivables and interest- bearing investments .
wholesale distributors of life-science products account for a substantial portion of our trade receivables ; collateral is generally not required .
we seek to mitigate the risk associated with this concentration through our ongoing credit-review procedures and insurance .
a large portion of our cash is held by a few major financial institutions .
we monitor our exposures with these institutions and do not expect any of these institutions to fail to meet their obligations .
major financial institutions represent the largest component of our investments in corporate debt securities .
in accordance with documented corporate risk-management policies , we monitor the amount of credit exposure to any one financial institution or corporate issuer .
we are exposed to credit-related losses in the event of nonperformance by counterparties to risk-management instruments but do not expect any counterparties to fail to meet their obligations given their high credit ratings .
we consider all highly liquid investments with a maturity of three months or less from the date of purchase to be cash equivalents .
the cost of these investments approximates fair value .
our equity investments are accounted for using three different methods depending on the type of equity investment : 2022 investments in companies over which we have significant influence but not a controlling interest are accounted for using the equity method , with our share of earnings or losses reported in other-net , ( income ) expense .
2022 for equity investments that do not have readily determinable fair values , we measure these investments at cost , less any impairment , plus or minus changes resulting from observable price changes in orderly transactions for the identical or similar investment of the same issuer .
any change in recorded value is recorded in other-net , ( income ) expense .
2022 our public equity investments are measured and carried at fair value .
any change in fair value is recognized in other-net , ( income ) expense .
we review equity investments other than public equity investments for indications of impairment on a regular basis .
our derivative activities are initiated within the guidelines of documented corporate risk-management policies and are intended to offset losses and gains on the assets , liabilities , and transactions being hedged .
management reviews the correlation and effectiveness of our derivatives on a quarterly basis. .","|    |                                         | 2018           | 2017     |
|---:|:----------------------------------------|:---------------|:---------|
|  0 | finished products                       | $ 988.1        | $ 1211.4 |
|  1 | work in process                         | 2628.2         | 2697.7   |
|  2 | raw materials and supplies              | 506.5          | 488.8    |
|  3 | total ( approximates replacement cost ) | 4122.8         | 4397.9   |
|  4 | increase ( reduction ) to lifo cost     | -11.0 ( 11.0 ) | 60.4     |
|  5 | inventories                             | $ 4111.8       | $ 4458.3 |","note 6 : inventories we use the last-in , first-out ( lifo ) method for the majority of our inventories located in the continental u.s .
other inventories are valued by the first-in , first-out ( fifo ) method .
fifo cost approximates current replacement cost .
inventories measured using lifo must be valued at the lower of cost or market .
inventories measured using fifo must be valued at the lower of cost or net realizable value .
inventories at december 31 consisted of the following: .","inventories valued under the lifo method comprised $ 1.57 billion and $ 1.56 billion of total inventories at december 31 , 2018 and 2017 , respectively .
note 7 : financial instruments financial instruments that potentially subject us to credit risk consist principally of trade receivables and interest- bearing investments .
wholesale distributors of life-science products account for a substantial portion of our trade receivables ; collateral is generally not required .
we seek to mitigate the risk associated with this concentration through our ongoing credit-review procedures and insurance .
a large portion of our cash is held by a few major financial institutions .
we monitor our exposures with these institutions and do not expect any of these institutions to fail to meet their obligations .
major financial institutions represent the largest component of our investments in corporate debt securities .
in accordance with documented corporate risk-management policies , we monitor the amount of credit exposure to any one financial institution or corporate issuer .
we are exposed to credit-related losses in the event of nonperformance by counterparties to risk-management instruments but do not expect any counterparties to fail to meet their obligations given their high credit ratings .
we consider all highly liquid investments with a maturity of three months or less from the date of purchase to be cash equivalents .
the cost of these investments approximates fair value .
our equity investments are accounted for using three different methods depending on the type of equity investment : 2022 investments in companies over which we have significant influence but not a controlling interest are accounted for using the equity method , with our share of earnings or losses reported in other-net , ( income ) expense .
2022 for equity investments that do not have readily determinable fair values , we measure these investments at cost , less any impairment , plus or minus changes resulting from observable price changes in orderly transactions for the identical or similar investment of the same issuer .
any change in recorded value is recorded in other-net , ( income ) expense .
2022 our public equity investments are measured and carried at fair value .
any change in fair value is recognized in other-net , ( income ) expense .
we review equity investments other than public equity investments for indications of impairment on a regular basis .
our derivative activities are initiated within the guidelines of documented corporate risk-management policies and are intended to offset losses and gains on the assets , liabilities , and transactions being hedged .
management reviews the correlation and effectiveness of our derivatives on a quarterly basis. .",pdf/LLY/2018/page_63.pdf,Lilly (Eli),LLY,2018,63,Health Care,Pharmaceuticals,"Indianapolis, Indiana",59478,1876,data/FinQA/dev/pdf/LLY/2018/page_63.pdf
finqa_dev_304,finqa_dev_ctx_200,dev,"As of February 13, 2009, what was the market capitalization of American Tower, given that the closing price of its common stock was $28.85 per share and there were 397,097,677 outstanding shares?",13764217.573656846,11456267981.5,"part ii item 5 .
market for registrant 2019s common equity , related stockholder matters and issuer purchases of equity securities the following table presents reported quarterly high and low per share sale prices of our common stock on the new york stock exchange ( 201cnyse 201d ) for the years 2008 and 2007. ._|    | 2008                       | high    | low     |
|---:|:---------------------------|:--------|:--------|
|  0 | quarter ended march 31     | $ 42.72 | $ 32.10 |
|  1 | quarter ended june 30      | 46.10   | 38.53   |
|  2 | quarter ended september 30 | 43.43   | 31.89   |
|  3 | quarter ended december 31  | 37.28   | 19.35   |
|  4 | 2007                       | high    | low     |
|  5 | quarter ended march 31     | $ 41.31 | $ 36.63 |
|  6 | quarter ended june 30      | 43.84   | 37.64   |
|  7 | quarter ended september 30 | 45.45   | 36.34   |
|  8 | quarter ended december 31  | 46.53   | 40.08   |_on february 13 , 2009 , the closing price of our common stock was $ 28.85 per share as reported on the nyse .
as of february 13 , 2009 , we had 397097677 outstanding shares of common stock and 499 registered holders .
dividends we have never paid a dividend on our common stock .
we anticipate that we may retain future earnings , if any , to fund the development and growth of our business .
the indentures governing our 7.50% ( 7.50 % ) senior notes due 2012 ( 201c7.50% ( 201c7.50 % ) notes 201d ) and our 7.125% ( 7.125 % ) senior notes due 2012 ( 201c7.125% ( 201c7.125 % ) notes 201d ) may prohibit us from paying dividends to our stockholders unless we satisfy certain financial covenants .
the loan agreement for our revolving credit facility and term loan , and the indentures governing the terms of our 7.50% ( 7.50 % ) notes and 7.125% ( 7.125 % ) notes contain covenants that restrict our ability to pay dividends unless certain financial covenants are satisfied .
in addition , while spectrasite and its subsidiaries are classified as unrestricted subsidiaries under the indentures for our 7.50% ( 7.50 % ) notes and 7.125% ( 7.125 % ) notes , certain of spectrasite 2019s subsidiaries are subject to restrictions on the amount of cash that they can distribute to us under the loan agreement related to our securitization transaction .
for more information about the restrictions under the loan agreement for the revolving credit facility and term loan , our notes indentures and the loan agreement related to our securitization transaction , see item 7 of this annual report under the caption 201cmanagement 2019s discussion and analysis of financial condition and results of operations 2014liquidity and capital resources 2014factors affecting sources of liquidity 201d and note 6 to our consolidated financial statements included in this annual report. .","|    | 2008                       | high    | low     |
|---:|:---------------------------|:--------|:--------|
|  0 | quarter ended march 31     | $ 42.72 | $ 32.10 |
|  1 | quarter ended june 30      | 46.10   | 38.53   |
|  2 | quarter ended september 30 | 43.43   | 31.89   |
|  3 | quarter ended december 31  | 37.28   | 19.35   |
|  4 | 2007                       | high    | low     |
|  5 | quarter ended march 31     | $ 41.31 | $ 36.63 |
|  6 | quarter ended june 30      | 43.84   | 37.64   |
|  7 | quarter ended september 30 | 45.45   | 36.34   |
|  8 | quarter ended december 31  | 46.53   | 40.08   |","part ii item 5 .
market for registrant 2019s common equity , related stockholder matters and issuer purchases of equity securities the following table presents reported quarterly high and low per share sale prices of our common stock on the new york stock exchange ( 201cnyse 201d ) for the years 2008 and 2007. .","on february 13 , 2009 , the closing price of our common stock was $ 28.85 per share as reported on the nyse .
as of february 13 , 2009 , we had 397097677 outstanding shares of common stock and 499 registered holders .
dividends we have never paid a dividend on our common stock .
we anticipate that we may retain future earnings , if any , to fund the development and growth of our business .
the indentures governing our 7.50% ( 7.50 % ) senior notes due 2012 ( 201c7.50% ( 201c7.50 % ) notes 201d ) and our 7.125% ( 7.125 % ) senior notes due 2012 ( 201c7.125% ( 201c7.125 % ) notes 201d ) may prohibit us from paying dividends to our stockholders unless we satisfy certain financial covenants .
the loan agreement for our revolving credit facility and term loan , and the indentures governing the terms of our 7.50% ( 7.50 % ) notes and 7.125% ( 7.125 % ) notes contain covenants that restrict our ability to pay dividends unless certain financial covenants are satisfied .
in addition , while spectrasite and its subsidiaries are classified as unrestricted subsidiaries under the indentures for our 7.50% ( 7.50 % ) notes and 7.125% ( 7.125 % ) notes , certain of spectrasite 2019s subsidiaries are subject to restrictions on the amount of cash that they can distribute to us under the loan agreement related to our securitization transaction .
for more information about the restrictions under the loan agreement for the revolving credit facility and term loan , our notes indentures and the loan agreement related to our securitization transaction , see item 7 of this annual report under the caption 201cmanagement 2019s discussion and analysis of financial condition and results of operations 2014liquidity and capital resources 2014factors affecting sources of liquidity 201d and note 6 to our consolidated financial statements included in this annual report. .",pdf/AMT/2008/page_32.pdf,American Tower,AMT,2008,32,Real Estate,Telecom Tower REITs,"Boston, Massachusetts",1053507,1995,data/FinQA/dev/pdf/AMT/2008/page_32.pdf
finqa_dev_320,finqa_dev_ctx_277,dev,"As of December 31, 2008, what was the aggregate unpaid principal balance in excess of fair value for the trading assets carried at fair value by Citigroup, as reported in the consolidated balance sheet?",2.5002307337332716,2.5,"the notional amount of these unfunded letters of credit was $ 1.4 billion as of december 31 , 2008 and december 31 , 2007 .
the amount funded was insignificant with no amounts 90 days or more past due or on a non-accrual status at december 31 , 2008 and december 31 , 2007 .
these items have been classified appropriately in trading account assets or trading account liabilities on the consolidated balance sheet .
changes in fair value of these items are classified in principal transactions in the company 2019s consolidated statement of income .
other items for which the fair-value option was selected in accordance with sfas 159 the company has elected the fair-value option for the following eligible items , which did not affect opening retained earnings : 2022 certain credit products ; 2022 certain investments in private equity and real estate ventures and certain equity-method investments ; 2022 certain structured liabilities ; 2022 certain non-structured liabilities ; and 2022 certain mortgage loans certain credit products citigroup has elected the fair-value option for certain originated and purchased loans , including certain unfunded loan products , such as guarantees and letters of credit , executed by citigroup 2019s trading businesses .
none of these credit products is a highly leveraged financing commitment .
significant groups of transactions include loans and unfunded loan products that are expected to be either sold or securitized in the near term , or transactions where the economic risks are hedged with derivative instruments such as purchased credit default swaps or total return swaps where the company pays the total return on the underlying loans to a third party .
citigroup has elected the fair-value option to mitigate accounting mismatches in cases where hedge accounting is complex and to achieve operational simplifications .
fair value was not elected for most lending transactions across the company , including where those management objectives would not be met .
the following table provides information about certain credit products carried at fair value: ._|    | in millions of dollars                                                                                              | 2008 trading assets   | 2008 loans   | 2008 trading assets   | loans      |
|---:|:--------------------------------------------------------------------------------------------------------------------|:----------------------|:-------------|:----------------------|:-----------|
|  0 | carrying amount reported on the consolidated balance sheet                                                          | $ 16254               | $ 2315       | $ 26020               | $ 3038     |
|  1 | aggregate unpaid principal balance in excess of fair value                                                          | $ 6501                | $ 3          | $ 899                 | $ -5 ( 5 ) |
|  2 | balance on non-accrual loans or loans more than 90 days past due                                                    | $ 77                  | $ 1113       | $ 186                 | $ 1292     |
|  3 | aggregate unpaid principal balance in excess of fair value for non-accrual loans or loans more than 90 days pastdue | $ 190                 | $ -4 ( 4 )   | $ 68                  | $ 2014     |_in millions of dollars trading assets loans trading assets loans carrying amount reported on the consolidated balance sheet $ 16254 $ 2315 $ 26020 $ 3038 aggregate unpaid principal balance in excess of fair value $ 6501 $ 3 $ 899 $ ( 5 ) balance on non-accrual loans or loans more than 90 days past due $ 77 $ 1113 $ 186 $ 1292 aggregate unpaid principal balance in excess of fair value for non-accrual loans or loans more than 90 days past due $ 190 $ ( 4 ) $ 68 $ 2014 in addition to the amounts reported above , $ 72 million and $ 141 million of unfunded loan commitments related to certain credit products selected for fair-value accounting were outstanding as of december 31 , 2008 and december 31 , 2007 , respectively .
changes in fair value of funded and unfunded credit products are classified in principal transactions in the company 2019s consolidated statement of income .
related interest revenue is measured based on the contractual interest rates and reported as interest revenue on trading account assets or loans depending on their balance sheet classifications .
the changes in fair value for the years ended december 31 , 2008 and 2007 due to instrument-specific credit risk totaled to a loss of $ 38 million and $ 188 million , respectively .
certain investments in private equity and real estate ventures and certain equity method investments citigroup invests in private equity and real estate ventures for the purpose of earning investment returns and for capital appreciation .
the company has elected the fair-value option for certain of these ventures , because such investments are considered similar to many private equity or hedge fund activities in our investment companies , which are reported at fair value .
the fair-value option brings consistency in the accounting and evaluation of certain of these investments .
as required by sfas 159 , all investments ( debt and equity ) in such private equity and real estate entities are accounted for at fair value .
these investments are classified as investments on citigroup 2019s consolidated balance sheet .
citigroup also holds various non-strategic investments in leveraged buyout funds and other hedge funds that previously were required to be accounted for under the equity method .
the company elected fair-value accounting to reduce operational and accounting complexity .
since the funds account for all of their underlying assets at fair value , the impact of applying the equity method to citigroup 2019s investment in these funds was equivalent to fair-value accounting .
thus , this fair-value election had no impact on opening retained earnings .
these investments are classified as other assets on citigroup 2019s consolidated balance sheet .
changes in the fair values of these investments are classified in other revenue in the company 2019s consolidated statement of income .
certain structured liabilities the company has elected the fair-value option for certain structured liabilities whose performance is linked to structured interest rates , inflation or currency risks ( 201cstructured liabilities 201d ) .
the company elected the fair- value option , because these exposures are considered to be trading-related positions and , therefore , are managed on a fair-value basis .
these positions will continue to be classified as debt , deposits or derivatives ( trading account liabilities ) on the company 2019s consolidated balance sheet according to their legal form .
for those structured liabilities classified as long-term debt for which the fair-value option has been elected , the aggregate unpaid principal balance exceeds the aggregate fair value of such instruments by $ 277 million as of december 31 , 2008 and $ 7 million as of december 31 , 2007 .
the change in fair value for these structured liabilities is reported in principal transactions in the company 2019s consolidated statement of income .
related interest expense is measured based on the contractual interest rates and reported as such in the consolidated income statement .
certain non-structured liabilities the company has elected the fair-value option for certain non-structured liabilities with fixed and floating interest rates ( 201cnon-structured liabilities 201d ) . .","|    | in millions of dollars                                                                                              | 2008 trading assets   | 2008 loans   | 2008 trading assets   | loans      |
|---:|:--------------------------------------------------------------------------------------------------------------------|:----------------------|:-------------|:----------------------|:-----------|
|  0 | carrying amount reported on the consolidated balance sheet                                                          | $ 16254               | $ 2315       | $ 26020               | $ 3038     |
|  1 | aggregate unpaid principal balance in excess of fair value                                                          | $ 6501                | $ 3          | $ 899                 | $ -5 ( 5 ) |
|  2 | balance on non-accrual loans or loans more than 90 days past due                                                    | $ 77                  | $ 1113       | $ 186                 | $ 1292     |
|  3 | aggregate unpaid principal balance in excess of fair value for non-accrual loans or loans more than 90 days pastdue | $ 190                 | $ -4 ( 4 )   | $ 68                  | $ 2014     |","the notional amount of these unfunded letters of credit was $ 1.4 billion as of december 31 , 2008 and december 31 , 2007 .
the amount funded was insignificant with no amounts 90 days or more past due or on a non-accrual status at december 31 , 2008 and december 31 , 2007 .
these items have been classified appropriately in trading account assets or trading account liabilities on the consolidated balance sheet .
changes in fair value of these items are classified in principal transactions in the company 2019s consolidated statement of income .
other items for which the fair-value option was selected in accordance with sfas 159 the company has elected the fair-value option for the following eligible items , which did not affect opening retained earnings : 2022 certain credit products ; 2022 certain investments in private equity and real estate ventures and certain equity-method investments ; 2022 certain structured liabilities ; 2022 certain non-structured liabilities ; and 2022 certain mortgage loans certain credit products citigroup has elected the fair-value option for certain originated and purchased loans , including certain unfunded loan products , such as guarantees and letters of credit , executed by citigroup 2019s trading businesses .
none of these credit products is a highly leveraged financing commitment .
significant groups of transactions include loans and unfunded loan products that are expected to be either sold or securitized in the near term , or transactions where the economic risks are hedged with derivative instruments such as purchased credit default swaps or total return swaps where the company pays the total return on the underlying loans to a third party .
citigroup has elected the fair-value option to mitigate accounting mismatches in cases where hedge accounting is complex and to achieve operational simplifications .
fair value was not elected for most lending transactions across the company , including where those management objectives would not be met .
the following table provides information about certain credit products carried at fair value: .","in millions of dollars trading assets loans trading assets loans carrying amount reported on the consolidated balance sheet $ 16254 $ 2315 $ 26020 $ 3038 aggregate unpaid principal balance in excess of fair value $ 6501 $ 3 $ 899 $ ( 5 ) balance on non-accrual loans or loans more than 90 days past due $ 77 $ 1113 $ 186 $ 1292 aggregate unpaid principal balance in excess of fair value for non-accrual loans or loans more than 90 days past due $ 190 $ ( 4 ) $ 68 $ 2014 in addition to the amounts reported above , $ 72 million and $ 141 million of unfunded loan commitments related to certain credit products selected for fair-value accounting were outstanding as of december 31 , 2008 and december 31 , 2007 , respectively .
changes in fair value of funded and unfunded credit products are classified in principal transactions in the company 2019s consolidated statement of income .
related interest revenue is measured based on the contractual interest rates and reported as interest revenue on trading account assets or loans depending on their balance sheet classifications .
the changes in fair value for the years ended december 31 , 2008 and 2007 due to instrument-specific credit risk totaled to a loss of $ 38 million and $ 188 million , respectively .
certain investments in private equity and real estate ventures and certain equity method investments citigroup invests in private equity and real estate ventures for the purpose of earning investment returns and for capital appreciation .
the company has elected the fair-value option for certain of these ventures , because such investments are considered similar to many private equity or hedge fund activities in our investment companies , which are reported at fair value .
the fair-value option brings consistency in the accounting and evaluation of certain of these investments .
as required by sfas 159 , all investments ( debt and equity ) in such private equity and real estate entities are accounted for at fair value .
these investments are classified as investments on citigroup 2019s consolidated balance sheet .
citigroup also holds various non-strategic investments in leveraged buyout funds and other hedge funds that previously were required to be accounted for under the equity method .
the company elected fair-value accounting to reduce operational and accounting complexity .
since the funds account for all of their underlying assets at fair value , the impact of applying the equity method to citigroup 2019s investment in these funds was equivalent to fair-value accounting .
thus , this fair-value election had no impact on opening retained earnings .
these investments are classified as other assets on citigroup 2019s consolidated balance sheet .
changes in the fair values of these investments are classified in other revenue in the company 2019s consolidated statement of income .
certain structured liabilities the company has elected the fair-value option for certain structured liabilities whose performance is linked to structured interest rates , inflation or currency risks ( 201cstructured liabilities 201d ) .
the company elected the fair- value option , because these exposures are considered to be trading-related positions and , therefore , are managed on a fair-value basis .
these positions will continue to be classified as debt , deposits or derivatives ( trading account liabilities ) on the company 2019s consolidated balance sheet according to their legal form .
for those structured liabilities classified as long-term debt for which the fair-value option has been elected , the aggregate unpaid principal balance exceeds the aggregate fair value of such instruments by $ 277 million as of december 31 , 2008 and $ 7 million as of december 31 , 2007 .
the change in fair value for these structured liabilities is reported in principal transactions in the company 2019s consolidated statement of income .
related interest expense is measured based on the contractual interest rates and reported as such in the consolidated income statement .
certain non-structured liabilities the company has elected the fair-value option for certain non-structured liabilities with fixed and floating interest rates ( 201cnon-structured liabilities 201d ) . .",pdf/C/2008/page_211.pdf,Citigroup,C,2008,211,Financials,Diversified Banks,"New York City, New York",831001,1998,data/FinQA/dev/pdf/C/2008/page_211.pdf
finqa_dev_343,finqa_dev_ctx_186,dev,"As of December 31, 2013, what percentage of the 254,000 square feet of office space in Alpharetta, Georgia, owned by E*TRADE Financial Corporation was not leased, given that 165,000 square feet of this space was not leased?",0.6496062992125984,65%,"our ability to restructure or refinance our debt will depend on the condition of the capital markets and our financial condition at such time .
any refinancing of our debt could be at higher interest rates and may require us to comply with more onerous covenants , which could further restrict our business operations .
in addition , any failure to make payments of interest and principal on our outstanding indebtedness on a timely basis would likely result in a reduction of our credit rating , which could harm our ability to incur additional indebtedness .
if our cash flows and available cash are insufficient to meet our debt service obligations , we could face substantial liquidity problems and might be required to dispose of material assets or operations to meet our debt service and other obligations .
we may not be able to consummate those dispositions or to obtain the proceeds that we could realize from them , and these proceeds may not be adequate to meet any debt service obligations then due .
item 1b .
unresolved staff comments item 2 .
properties a summary of our significant locations at december 31 , 2013 is shown in the following table .
all facilities are leased , except for 165000 square feet of our office in alpharetta , georgia .
square footage amounts are net of space that has been sublet or part of a facility restructuring. ._|    | location               |   approximate square footage |
|---:|:-----------------------|-----------------------------:|
|  0 | alpharetta georgia     |                       254000 |
|  1 | jersey city new jersey |                       107000 |
|  2 | arlington virginia     |                       102000 |
|  3 | sandy utah             |                        66000 |
|  4 | menlo park california  |                        63000 |
|  5 | new york new york      |                        39000 |
|  6 | chicago illinois ( 1 ) |                        36000 |_chicago , illinois ( 1 ) 36000 ( 1 ) includes approximately 25000 square footage related to g1 execution services , llc .
we entered into a definitive agreement to sell g1 execution services , llc to an affiliate of susquehanna .
the lease was assigned to susquehanna upon closing of the sale on february 10 , all of our facilities are used by either our trading and investing or balance sheet management segments , in addition to the corporate/other category .
all other leased facilities with space of less than 25000 square feet are not listed by location .
in addition to the significant facilities above , we also lease all 30 e*trade branches , ranging in space from approximately 2500 to 8000 square feet .
we believe our facilities space is adequate to meet our needs in 2014 .
item 3 .
legal proceedings on october 27 , 2000 , ajaxo , inc .
( 201cajaxo 201d ) filed a complaint in the superior court for the state of california , county of santa clara .
ajaxo sought damages and certain non-monetary relief for the company 2019s alleged breach of a non-disclosure agreement with ajaxo pertaining to certain wireless technology that ajaxo offered the company as well as damages and other relief against the company for their alleged misappropriation of ajaxo 2019s trade secrets .
following a jury trial , a judgment was entered in 2003 in favor of ajaxo against the company for $ 1.3 million for breach of the ajaxo non-disclosure agreement .
although the jury found in favor of ajaxo on its claim against the company for misappropriation of trade secrets , the trial court subsequently denied ajaxo 2019s requests for additional damages and relief .
on december 21 , 2005 , the california court of appeal affirmed the above-described award against the company for breach of the nondisclosure agreement but remanded the case to the trial court for the limited purpose of determining what , if any , additional damages ajaxo may be entitled to as a result of the jury 2019s previous finding in favor of ajaxo on its claim against the company for misappropriation of trade secrets .
although the company paid ajaxo the full amount due on the above-described judgment , the case was remanded back to the trial court , and on may 30 , 2008 , a jury returned a .","|    | location               |   approximate square footage |
|---:|:-----------------------|-----------------------------:|
|  0 | alpharetta georgia     |                       254000 |
|  1 | jersey city new jersey |                       107000 |
|  2 | arlington virginia     |                       102000 |
|  3 | sandy utah             |                        66000 |
|  4 | menlo park california  |                        63000 |
|  5 | new york new york      |                        39000 |
|  6 | chicago illinois ( 1 ) |                        36000 |","our ability to restructure or refinance our debt will depend on the condition of the capital markets and our financial condition at such time .
any refinancing of our debt could be at higher interest rates and may require us to comply with more onerous covenants , which could further restrict our business operations .
in addition , any failure to make payments of interest and principal on our outstanding indebtedness on a timely basis would likely result in a reduction of our credit rating , which could harm our ability to incur additional indebtedness .
if our cash flows and available cash are insufficient to meet our debt service obligations , we could face substantial liquidity problems and might be required to dispose of material assets or operations to meet our debt service and other obligations .
we may not be able to consummate those dispositions or to obtain the proceeds that we could realize from them , and these proceeds may not be adequate to meet any debt service obligations then due .
item 1b .
unresolved staff comments item 2 .
properties a summary of our significant locations at december 31 , 2013 is shown in the following table .
all facilities are leased , except for 165000 square feet of our office in alpharetta , georgia .
square footage amounts are net of space that has been sublet or part of a facility restructuring. .","chicago , illinois ( 1 ) 36000 ( 1 ) includes approximately 25000 square footage related to g1 execution services , llc .
we entered into a definitive agreement to sell g1 execution services , llc to an affiliate of susquehanna .
the lease was assigned to susquehanna upon closing of the sale on february 10 , all of our facilities are used by either our trading and investing or balance sheet management segments , in addition to the corporate/other category .
all other leased facilities with space of less than 25000 square feet are not listed by location .
in addition to the significant facilities above , we also lease all 30 e*trade branches , ranging in space from approximately 2500 to 8000 square feet .
we believe our facilities space is adequate to meet our needs in 2014 .
item 3 .
legal proceedings on october 27 , 2000 , ajaxo , inc .
( 201cajaxo 201d ) filed a complaint in the superior court for the state of california , county of santa clara .
ajaxo sought damages and certain non-monetary relief for the company 2019s alleged breach of a non-disclosure agreement with ajaxo pertaining to certain wireless technology that ajaxo offered the company as well as damages and other relief against the company for their alleged misappropriation of ajaxo 2019s trade secrets .
following a jury trial , a judgment was entered in 2003 in favor of ajaxo against the company for $ 1.3 million for breach of the ajaxo non-disclosure agreement .
although the jury found in favor of ajaxo on its claim against the company for misappropriation of trade secrets , the trial court subsequently denied ajaxo 2019s requests for additional damages and relief .
on december 21 , 2005 , the california court of appeal affirmed the above-described award against the company for breach of the nondisclosure agreement but remanded the case to the trial court for the limited purpose of determining what , if any , additional damages ajaxo may be entitled to as a result of the jury 2019s previous finding in favor of ajaxo on its claim against the company for misappropriation of trade secrets .
although the company paid ajaxo the full amount due on the above-described judgment , the case was remanded back to the trial court , and on may 30 , 2008 , a jury returned a .",pdf/ETFC/2013/page_26.pdf,E*TRADE Financial Corporation,ETFC,2013,26,Financials,Investment Banking & Brokerage,"Arlington, VA",1015780,1982,data/FinQA/dev/pdf/ETFC/2013/page_26.pdf
finqa_dev_359,finqa_dev_ctx_135,dev,"What were the net trading assets from derivatives for JPMorgan Chase in 2012, as reported in the 2013 annual report?",9582.0,,"jpmorgan chase & co./2013 annual report 215 the firm does not estimate the fair value of consumer lending-related commitments .
in many cases , the firm can reduce or cancel these commitments by providing the borrower notice or , in some cases , without notice as permitted by law .
for a further discussion of the valuation of lending-related commitments , see page 198 of this note .
trading assets and liabilities trading assets include debt and equity instruments owned by jpmorgan chase ( 201clong 201d positions ) that are held for client market-making and client-driven activities , as well as for certain risk management activities , certain loans managed on a fair value basis and for which the firm has elected the fair value option , and physical commodities inventories that are generally accounted for at the lower of cost or market ( market approximates fair value ) .
trading liabilities include debt and equity instruments that the firm has sold to other parties but does not own ( 201cshort 201d positions ) .
the firm is obligated to purchase instruments at a future date to cover the short positions .
included in trading assets and trading liabilities are the reported receivables ( unrealized gains ) and payables ( unrealized losses ) related to derivatives .
trading assets and liabilities are carried at fair value on the consolidated balance sheets .
balances reflect the reduction of securities owned ( long positions ) by the amount of identical securities sold but not yet purchased ( short positions ) .
trading assets and liabilities 2013 average balances average trading assets and liabilities were as follows for the periods indicated. ._|    | year ended december 31 ( in millions )                     | 2013     | 2012     | 2011     |
|---:|:-----------------------------------------------------------|:---------|:---------|:---------|
|  0 | trading assets 2013 debt and equity instruments            | $ 340449 | $ 349337 | $ 393890 |
|  1 | trading assets 2013 derivative receivables                 | 72629    | 85744    | 90003    |
|  2 | trading liabilities 2013 debt and equity instruments ( a ) | 77706    | 69001    | 81916    |
|  3 | trading liabilities 2013 derivative payables               | 64553    | 76162    | 71539    |_( a ) primarily represent securities sold , not yet purchased .
note 4 2013 fair value option the fair value option provides an option to elect fair value as an alternative measurement for selected financial assets , financial liabilities , unrecognized firm commitments , and written loan commitments not previously carried at fair value .
elections elections were made by the firm to : 2022 mitigate income statement volatility caused by the differences in the measurement basis of elected instruments ( for example , certain instruments elected were previously accounted for on an accrual basis ) while the associated risk management arrangements are accounted for on a fair value basis ; 2022 eliminate the complexities of applying certain accounting models ( e.g. , hedge accounting or bifurcation accounting for hybrid instruments ) ; and/or 2022 better reflect those instruments that are managed on a fair value basis .
elections include the following : 2022 loans purchased or originated as part of securitization warehousing activity , subject to bifurcation accounting , or managed on a fair value basis .
2022 securities financing arrangements with an embedded derivative and/or a maturity of greater than one year .
2022 owned beneficial interests in securitized financial assets that contain embedded credit derivatives , which would otherwise be required to be separately accounted for as a derivative instrument .
2022 certain investments that receive tax credits and other equity investments acquired as part of the washington mutual transaction .
2022 structured notes issued as part of cib 2019s client-driven activities .
( structured notes are predominantly financial instruments that contain embedded derivatives. ) 2022 long-term beneficial interests issued by cib 2019s consolidated securitization trusts where the underlying assets are carried at fair value. .","|    | year ended december 31 ( in millions )                     | 2013     | 2012     | 2011     |
|---:|:-----------------------------------------------------------|:---------|:---------|:---------|
|  0 | trading assets 2013 debt and equity instruments            | $ 340449 | $ 349337 | $ 393890 |
|  1 | trading assets 2013 derivative receivables                 | 72629    | 85744    | 90003    |
|  2 | trading liabilities 2013 debt and equity instruments ( a ) | 77706    | 69001    | 81916    |
|  3 | trading liabilities 2013 derivative payables               | 64553    | 76162    | 71539    |","jpmorgan chase & co./2013 annual report 215 the firm does not estimate the fair value of consumer lending-related commitments .
in many cases , the firm can reduce or cancel these commitments by providing the borrower notice or , in some cases , without notice as permitted by law .
for a further discussion of the valuation of lending-related commitments , see page 198 of this note .
trading assets and liabilities trading assets include debt and equity instruments owned by jpmorgan chase ( 201clong 201d positions ) that are held for client market-making and client-driven activities , as well as for certain risk management activities , certain loans managed on a fair value basis and for which the firm has elected the fair value option , and physical commodities inventories that are generally accounted for at the lower of cost or market ( market approximates fair value ) .
trading liabilities include debt and equity instruments that the firm has sold to other parties but does not own ( 201cshort 201d positions ) .
the firm is obligated to purchase instruments at a future date to cover the short positions .
included in trading assets and trading liabilities are the reported receivables ( unrealized gains ) and payables ( unrealized losses ) related to derivatives .
trading assets and liabilities are carried at fair value on the consolidated balance sheets .
balances reflect the reduction of securities owned ( long positions ) by the amount of identical securities sold but not yet purchased ( short positions ) .
trading assets and liabilities 2013 average balances average trading assets and liabilities were as follows for the periods indicated. .","( a ) primarily represent securities sold , not yet purchased .
note 4 2013 fair value option the fair value option provides an option to elect fair value as an alternative measurement for selected financial assets , financial liabilities , unrecognized firm commitments , and written loan commitments not previously carried at fair value .
elections elections were made by the firm to : 2022 mitigate income statement volatility caused by the differences in the measurement basis of elected instruments ( for example , certain instruments elected were previously accounted for on an accrual basis ) while the associated risk management arrangements are accounted for on a fair value basis ; 2022 eliminate the complexities of applying certain accounting models ( e.g. , hedge accounting or bifurcation accounting for hybrid instruments ) ; and/or 2022 better reflect those instruments that are managed on a fair value basis .
elections include the following : 2022 loans purchased or originated as part of securitization warehousing activity , subject to bifurcation accounting , or managed on a fair value basis .
2022 securities financing arrangements with an embedded derivative and/or a maturity of greater than one year .
2022 owned beneficial interests in securitized financial assets that contain embedded credit derivatives , which would otherwise be required to be separately accounted for as a derivative instrument .
2022 certain investments that receive tax credits and other equity investments acquired as part of the washington mutual transaction .
2022 structured notes issued as part of cib 2019s client-driven activities .
( structured notes are predominantly financial instruments that contain embedded derivatives. ) 2022 long-term beneficial interests issued by cib 2019s consolidated securitization trusts where the underlying assets are carried at fair value. .",pdf/JPM/2013/page_209.pdf,JPMorgan Chase,JPM,2013,209,Financials,Diversified Banks,"New York City, New York",19617,2000 (1799 / 1871),data/FinQA/dev/pdf/JPM/2013/page_209.pdf
finqa_dev_38,finqa_dev_ctx_296,dev,"What was the difference in operating profit for the Americas as a percentage of net sales between 2001 and 2003 for Zimmer Holdings, Inc.?",3.8000000000000043,3.8%,"z i m m e r h o l d i n g s , i n c .
a n d s u b s i d i a r i e s 2 0 0 3 f o r m 1 0 - k the following table sets forth the operating profit margin by cost of products sold .
included in cost of product sold are segment for the years ended december 31 , 2003 , losses on foreign exchange hedge contracts , which increased 2002 and 2001 : in 2003 relative to 2002 .
in the fourth quarter , the company reported operating profit as a percent of net sales of percent of net sales 47.1 percent for asia pacific. ._|    | year ended december 31,   | 2003             | 2002             | 2001             |
|---:|:--------------------------|:-----------------|:-----------------|:-----------------|
|  0 | americas                  | 51.2% ( 51.2 % ) | 48.3% ( 48.3 % ) | 47.4% ( 47.4 % ) |
|  1 | europe                    | 26.3             | 24.4             | 19.5             |
|  2 | asia pacific              | 45.3             | 46.1             | 45.4             |_operating profit for the americas as a percentage of net sales increased to 48.3 percent in 2002 from 47.4 percent in year ended december 31 , 2003 2001 , reflecting improved gross profit margins due to higher compared to year ended december 31 , 2002 average selling prices and increased sales of higher margin operating profit for the americas as a percentage of net products , and lower selling expenses as a percent of sales sales increased due to improved gross margins driven by due to lower costs associated with the u.s .
distributor higher average selling prices and increased sales of higher network .
the americas continued to invest in strategic margin products , leveraged operating expenses and the initiatives such as mis technologies , field sales personnel , favorable impact of the change in accounting principle for medical education programs and new product launches .
instruments .
the change in accounting principle for operating profit for asia pacific as a percentage of net instruments increased operating profit by 1.7 percentage sales increased to 46.1 percent in 2002 from 45.4 percent points .
with respect to sales growth , increased zimmer in 2001 .
this increase reflects lower selling , general and standalone average selling prices of 4 percent in 2003 and administrative expenses as a percent of sales in japan as favorable effects of volume and mix , 15 percent increase in a result of a sales force and dealer reorganization , partially 2003 , represent the most significant factors in improved offset by lower gross profit margins as a result of lower yen operating profit in the americas .
as reconstructive implant hedge gains compared to 2001 .
sales grow at a higher rate than trauma and orthopaedic operating profit for europe as a percentage of net sales surgical products , operating profit margins generally tend to increased to 24.4 percent in 2002 from 19.5 percent in 2001 , improve since reconstructive product sales generally earn due to improved gross profit margins as a result of higher higher gross margins .
this was the case in 2003 , with zimmer average selling prices and favorable product and country mix , standalone reconstructive implant sales growth of 22 percent the leveraging of sales growth in europe on controlled as compared with total zimmer standalone sales growth of increases in operating expenses and improved efficiency 19 percent .
in the fourth quarter , the company reported in the utilization of instruments ( more frequent use of operating profit as a percent of net sales of 50.4 percent for instruments resulted in fewer placements and less expense ) .
the americas .
operating profit for europe as a percentage of net sales liquidity and capital resources increased due to improved gross profit margins driven by cash flows provided by operations were $ 494.8 million higher zimmer standalone average selling prices and in 2003 , compared with $ 220.2 million in 2002 .
the principal favorable product and country mix , leveraged operating source of cash was net earnings before cumulative effect of expenses and the favorable impact of the change in change in accounting principle of $ 291.2 million .
non-cash accounting principle for instruments .
the change in expenses for the period included depreciation and accounting for instruments increased operating profit by amortization expense of $ 103.3 million , centerpulse inventory 1.4 percentage points .
increases in zimmer standalone step-up of $ 42.7 million and centerpulse in-process research average selling prices in europe of 2 percent in 2003 and the and development write-offs of $ 11.2 million .
working capital effect of volume and mix , 19 percent increase in 2003 , were management , together with the collection of $ 20.0 million of the key factors in improved operating profit .
also cash related to centerpulse tax loss carryforwards , contributing to the improvement was significantly lower contributed $ 80.4 million to operating cash flow .
growth in operating expenses .
in the fourth quarter , the working capital continues to be a key management focus .
company reported operating profit as a percent of net sales at december 31 , 2003 , the company had 62 days of sales of 24.7 percent for europe .
outstanding in accounts receivable , unfavorable to the prior operating profit for asia pacific as a percentage of year by 10 days .
acquired centerpulse businesses had a net sales decreased primarily due to less favorable rates on negative impact of 10 days , due to centerpulse 2019s business hedge contracts during the year compared to the prior year , mix which has a greater proportion of european revenue with partially offset by increased zimmer standalone average payment terms generally longer than those in the u.s .
at selling prices and leveraged operating expenses .
the change december 31 , 2003 , the company had 232 days of inventory in accounting for instruments had an immaterial effect on on hand compared to 247 days reported at the end of 2002 .
operating profit for asia pacific .
increases in zimmer the reduction was principally due to improved inventory standalone average selling prices in asia pacific of 1 percent management and the acquired dental and spinal businesses and volume and mix improvements of 4 percent in 2003 carrying fewer days of inventory .
contributed modest improvement but was offset by higher .","|    | year ended december 31,   | 2003             | 2002             | 2001             |
|---:|:--------------------------|:-----------------|:-----------------|:-----------------|
|  0 | americas                  | 51.2% ( 51.2 % ) | 48.3% ( 48.3 % ) | 47.4% ( 47.4 % ) |
|  1 | europe                    | 26.3             | 24.4             | 19.5             |
|  2 | asia pacific              | 45.3             | 46.1             | 45.4             |","z i m m e r h o l d i n g s , i n c .
a n d s u b s i d i a r i e s 2 0 0 3 f o r m 1 0 - k the following table sets forth the operating profit margin by cost of products sold .
included in cost of product sold are segment for the years ended december 31 , 2003 , losses on foreign exchange hedge contracts , which increased 2002 and 2001 : in 2003 relative to 2002 .
in the fourth quarter , the company reported operating profit as a percent of net sales of percent of net sales 47.1 percent for asia pacific. .","operating profit for the americas as a percentage of net sales increased to 48.3 percent in 2002 from 47.4 percent in year ended december 31 , 2003 2001 , reflecting improved gross profit margins due to higher compared to year ended december 31 , 2002 average selling prices and increased sales of higher margin operating profit for the americas as a percentage of net products , and lower selling expenses as a percent of sales sales increased due to improved gross margins driven by due to lower costs associated with the u.s .
distributor higher average selling prices and increased sales of higher network .
the americas continued to invest in strategic margin products , leveraged operating expenses and the initiatives such as mis technologies , field sales personnel , favorable impact of the change in accounting principle for medical education programs and new product launches .
instruments .
the change in accounting principle for operating profit for asia pacific as a percentage of net instruments increased operating profit by 1.7 percentage sales increased to 46.1 percent in 2002 from 45.4 percent points .
with respect to sales growth , increased zimmer in 2001 .
this increase reflects lower selling , general and standalone average selling prices of 4 percent in 2003 and administrative expenses as a percent of sales in japan as favorable effects of volume and mix , 15 percent increase in a result of a sales force and dealer reorganization , partially 2003 , represent the most significant factors in improved offset by lower gross profit margins as a result of lower yen operating profit in the americas .
as reconstructive implant hedge gains compared to 2001 .
sales grow at a higher rate than trauma and orthopaedic operating profit for europe as a percentage of net sales surgical products , operating profit margins generally tend to increased to 24.4 percent in 2002 from 19.5 percent in 2001 , improve since reconstructive product sales generally earn due to improved gross profit margins as a result of higher higher gross margins .
this was the case in 2003 , with zimmer average selling prices and favorable product and country mix , standalone reconstructive implant sales growth of 22 percent the leveraging of sales growth in europe on controlled as compared with total zimmer standalone sales growth of increases in operating expenses and improved efficiency 19 percent .
in the fourth quarter , the company reported in the utilization of instruments ( more frequent use of operating profit as a percent of net sales of 50.4 percent for instruments resulted in fewer placements and less expense ) .
the americas .
operating profit for europe as a percentage of net sales liquidity and capital resources increased due to improved gross profit margins driven by cash flows provided by operations were $ 494.8 million higher zimmer standalone average selling prices and in 2003 , compared with $ 220.2 million in 2002 .
the principal favorable product and country mix , leveraged operating source of cash was net earnings before cumulative effect of expenses and the favorable impact of the change in change in accounting principle of $ 291.2 million .
non-cash accounting principle for instruments .
the change in expenses for the period included depreciation and accounting for instruments increased operating profit by amortization expense of $ 103.3 million , centerpulse inventory 1.4 percentage points .
increases in zimmer standalone step-up of $ 42.7 million and centerpulse in-process research average selling prices in europe of 2 percent in 2003 and the and development write-offs of $ 11.2 million .
working capital effect of volume and mix , 19 percent increase in 2003 , were management , together with the collection of $ 20.0 million of the key factors in improved operating profit .
also cash related to centerpulse tax loss carryforwards , contributing to the improvement was significantly lower contributed $ 80.4 million to operating cash flow .
growth in operating expenses .
in the fourth quarter , the working capital continues to be a key management focus .
company reported operating profit as a percent of net sales at december 31 , 2003 , the company had 62 days of sales of 24.7 percent for europe .
outstanding in accounts receivable , unfavorable to the prior operating profit for asia pacific as a percentage of year by 10 days .
acquired centerpulse businesses had a net sales decreased primarily due to less favorable rates on negative impact of 10 days , due to centerpulse 2019s business hedge contracts during the year compared to the prior year , mix which has a greater proportion of european revenue with partially offset by increased zimmer standalone average payment terms generally longer than those in the u.s .
at selling prices and leveraged operating expenses .
the change december 31 , 2003 , the company had 232 days of inventory in accounting for instruments had an immaterial effect on on hand compared to 247 days reported at the end of 2002 .
operating profit for asia pacific .
increases in zimmer the reduction was principally due to improved inventory standalone average selling prices in asia pacific of 1 percent management and the acquired dental and spinal businesses and volume and mix improvements of 4 percent in 2003 carrying fewer days of inventory .
contributed modest improvement but was offset by higher .",pdf/ZBH/2003/page_40.pdf,Zimmer Biomet,ZBH,2003,40,Health Care,Health Care Equipment,"Warsaw, Indiana",1136869,1927,data/FinQA/dev/pdf/ZBH/2003/page_40.pdf
finqa_dev_400,finqa_dev_ctx_10,dev,"What was the operating margin for Air Products in 2012, as reflected in the company's 2014 report?",0.10616519876219947,10.61%,"2014 vs .
2013 sales increased 9% ( 9 % ) , as higher volumes of 9% ( 9 % ) and favorable currency of 1% ( 1 % ) were partially offset by lower pricing of 1% ( 1 % ) .
electronics sales increased 8% ( 8 % ) , as higher delivery systems equipment sales and materials volumes of 8% ( 8 % ) and favorable currency of 1% ( 1 % ) were partially offset by lower pricing of 1% ( 1 % ) .
performance materials sales increased 10% ( 10 % ) , as higher volumes of 11% ( 11 % ) were partially offset by lower pricing of 1% ( 1 % ) .
the higher volumes were across all product lines and major regions .
the lower pricing was primarily due to unfavorable mix impacts .
operating income of $ 425.3 increased 32% ( 32 % ) , or $ 104.0 , primarily from higher volumes of $ 93 , lower operating costs of $ 31 , and favorable currency impacts of $ 5 , partially offset by unfavorable price and mix impacts of $ 26 .
operating margin of 17.4% ( 17.4 % ) increased 310 bp , primarily due to improved loading and leverage from the higher volumes and improved cost performance , partially offset by the unfavorable pricing impacts .
2013 vs .
2012 sales decreased 3% ( 3 % ) , as lower volumes of 4% ( 4 % ) and lower pricing of 1% ( 1 % ) were partially offset by acquisitions of 2% ( 2 % ) .
electronics sales decreased 8% ( 8 % ) , as weaker materials volumes and equipment sales were partially offset by the acquisition of da nanomaterials .
performance materials sales increased 2% ( 2 % ) , as higher volumes of 4% ( 4 % ) were partially offset by lower pricing of 2% ( 2 % ) .
the increase in volumes was primarily due to strength in the automobile and u.s .
housing markets partially offset by weaker volumes to certain construction markets and marine coatings .
the lower pricing was primarily due to unfavorable mix impacts .
operating income of $ 321.3 decreased 25% ( 25 % ) , or $ 104.3 , and operating margin of 14.3% ( 14.3 % ) decreased 400 bp , as 2012 included a gain on the previously held equity interest in da nanomaterials of $ 85.9 .
on a non-gaap basis , operating income of $ 321.3 decreased 5% ( 5 % ) , or $ 18.4 , primarily from unfavorable price and mix impacts of $ 15 , lower volumes of $ 9 , and higher operating costs of $ 4 partially offset by higher acquisitions of $ 6 and favorable currency of $ 4 .
operating margin decreased 30 bp , primarily due to lower volumes and unfavorable price mix .
equipment and energy ._|    |                  | 2014    | 2013    | 2012    |
|---:|:-----------------|:--------|:--------|:--------|
|  0 | sales            | $ 450.4 | $ 451.1 | $ 420.1 |
|  1 | operating income | 88.2    | 65.5    | 44.6    |_2014 vs .
2013 sales of $ 450.4 were relatively flat as higher liquefied natural gas ( lng ) project activity was offset by lower air separation ( asu ) project activity .
operating income of $ 88.2 increased from the higher lng project activity .
the sales backlog for the equipment business at 30 september 2014 was $ 520 , compared to $ 402 at 30 september 2013 .
the increase was primarily due to new lng orders as global project development activity remains high .
it is expected that approximately $ 320 of the backlog will be completed during 2015 .
2013 vs .
2012 sales of $ 451.1 increased primarily from higher lng project activity .
operating income of $ 65.5 increased from the higher lng project activity .
the sales backlog for the equipment business at 30 september 2013 was $ 402 , compared to $ 450 at 30 september other operating income ( loss ) primarily includes other expense and income that cannot be directly associated with the business segments , including foreign exchange gains and losses .
also included are lifo inventory valuation adjustments , as the business segments use fifo , and the lifo pool valuation adjustments are not allocated to the business segments .
other also included stranded costs resulting from discontinued operations , as these costs were not reallocated to the businesses in 2012 .
2014 vs .
2013 other operating loss was $ 13.5 , compared to $ 4.7 in the prior year .
the decrease was primarily due to unfavorable foreign exchange losses of $ 5 and lifo adjustments of $ 4 .
2013 vs .
2012 other operating loss was $ 4.7 , compared to $ 6.6 in the prior year .
the other operating loss in 2013 includes an unfavorable lifo adjustment versus the prior year of $ 11 .
the other operating loss in 2012 included stranded costs from discontinued operations of $ 10. .","|    |                  | 2014    | 2013    | 2012    |
|---:|:-----------------|:--------|:--------|:--------|
|  0 | sales            | $ 450.4 | $ 451.1 | $ 420.1 |
|  1 | operating income | 88.2    | 65.5    | 44.6    |","2014 vs .
2013 sales increased 9% ( 9 % ) , as higher volumes of 9% ( 9 % ) and favorable currency of 1% ( 1 % ) were partially offset by lower pricing of 1% ( 1 % ) .
electronics sales increased 8% ( 8 % ) , as higher delivery systems equipment sales and materials volumes of 8% ( 8 % ) and favorable currency of 1% ( 1 % ) were partially offset by lower pricing of 1% ( 1 % ) .
performance materials sales increased 10% ( 10 % ) , as higher volumes of 11% ( 11 % ) were partially offset by lower pricing of 1% ( 1 % ) .
the higher volumes were across all product lines and major regions .
the lower pricing was primarily due to unfavorable mix impacts .
operating income of $ 425.3 increased 32% ( 32 % ) , or $ 104.0 , primarily from higher volumes of $ 93 , lower operating costs of $ 31 , and favorable currency impacts of $ 5 , partially offset by unfavorable price and mix impacts of $ 26 .
operating margin of 17.4% ( 17.4 % ) increased 310 bp , primarily due to improved loading and leverage from the higher volumes and improved cost performance , partially offset by the unfavorable pricing impacts .
2013 vs .
2012 sales decreased 3% ( 3 % ) , as lower volumes of 4% ( 4 % ) and lower pricing of 1% ( 1 % ) were partially offset by acquisitions of 2% ( 2 % ) .
electronics sales decreased 8% ( 8 % ) , as weaker materials volumes and equipment sales were partially offset by the acquisition of da nanomaterials .
performance materials sales increased 2% ( 2 % ) , as higher volumes of 4% ( 4 % ) were partially offset by lower pricing of 2% ( 2 % ) .
the increase in volumes was primarily due to strength in the automobile and u.s .
housing markets partially offset by weaker volumes to certain construction markets and marine coatings .
the lower pricing was primarily due to unfavorable mix impacts .
operating income of $ 321.3 decreased 25% ( 25 % ) , or $ 104.3 , and operating margin of 14.3% ( 14.3 % ) decreased 400 bp , as 2012 included a gain on the previously held equity interest in da nanomaterials of $ 85.9 .
on a non-gaap basis , operating income of $ 321.3 decreased 5% ( 5 % ) , or $ 18.4 , primarily from unfavorable price and mix impacts of $ 15 , lower volumes of $ 9 , and higher operating costs of $ 4 partially offset by higher acquisitions of $ 6 and favorable currency of $ 4 .
operating margin decreased 30 bp , primarily due to lower volumes and unfavorable price mix .
equipment and energy .","2014 vs .
2013 sales of $ 450.4 were relatively flat as higher liquefied natural gas ( lng ) project activity was offset by lower air separation ( asu ) project activity .
operating income of $ 88.2 increased from the higher lng project activity .
the sales backlog for the equipment business at 30 september 2014 was $ 520 , compared to $ 402 at 30 september 2013 .
the increase was primarily due to new lng orders as global project development activity remains high .
it is expected that approximately $ 320 of the backlog will be completed during 2015 .
2013 vs .
2012 sales of $ 451.1 increased primarily from higher lng project activity .
operating income of $ 65.5 increased from the higher lng project activity .
the sales backlog for the equipment business at 30 september 2013 was $ 402 , compared to $ 450 at 30 september other operating income ( loss ) primarily includes other expense and income that cannot be directly associated with the business segments , including foreign exchange gains and losses .
also included are lifo inventory valuation adjustments , as the business segments use fifo , and the lifo pool valuation adjustments are not allocated to the business segments .
other also included stranded costs resulting from discontinued operations , as these costs were not reallocated to the businesses in 2012 .
2014 vs .
2013 other operating loss was $ 13.5 , compared to $ 4.7 in the prior year .
the decrease was primarily due to unfavorable foreign exchange losses of $ 5 and lifo adjustments of $ 4 .
2013 vs .
2012 other operating loss was $ 4.7 , compared to $ 6.6 in the prior year .
the other operating loss in 2013 includes an unfavorable lifo adjustment versus the prior year of $ 11 .
the other operating loss in 2012 included stranded costs from discontinued operations of $ 10. .",pdf/APD/2014/page_39.pdf,Air Products,APD,2014,39,Materials,Industrial Gases,"Allentown, Pennsylvania",2969,1940,data/FinQA/dev/pdf/APD/2014/page_39.pdf
finqa_dev_428,finqa_dev_ctx_173,dev,"What proportion of the total estimated future contingent acquisition obligations of The Interpublic Group of Companies, as reported in the 2008 financial statements, is expected to be paid within the next 12 months?",0.19310171198388723,19.3%,"notes to consolidated financial statements 2014 ( continued ) ( amounts in millions , except per share amounts ) guarantees we have certain contingent obligations under guarantees of certain of our subsidiaries ( 201cparent company guarantees 201d ) relating principally to credit facilities , guarantees of certain media payables and operating leases .
the amount of such parent company guarantees was $ 255.7 and $ 327.1 as of december 31 , 2008 and 2007 , respectively .
in the event of non-payment by the applicable subsidiary of the obligations covered by a guarantee , we would be obligated to pay the amounts covered by that guarantee .
as of december 31 , 2008 , there are no material assets pledged as security for such parent company guarantees .
contingent acquisition obligations we have structured certain acquisitions with additional contingent purchase price obligations in order to reduce the potential risk associated with negative future performance of the acquired entity .
in addition , we have entered into agreements that may require us to purchase additional equity interests in certain consolidated and unconsolidated subsidiaries .
the amounts relating to these transactions are based on estimates of the future financial performance of the acquired entity , the timing of the exercise of these rights , changes in foreign currency exchange rates and other factors .
we have not recorded a liability for these items since the definitive amounts payable are not determinable or distributable .
when the contingent acquisition obligations have been met and consideration is determinable and distributable , we record the fair value of this consideration as an additional cost of the acquired entity .
however , certain acquisitions contain deferred payments that are fixed and determinable on the acquisition date .
in such cases , we record a liability for the payment and record this consideration as an additional cost of the acquired entity on the acquisition date .
if deferred payments and purchases of additional interests after the effective date of purchase are contingent upon the future employment of the former owners then we recognize these payments as compensation expense .
compensation expense is determined based on the terms and conditions of the respective acquisition agreements and employment terms of the former owners of the acquired businesses .
this future expense will not be allocated to the assets and liabilities acquired and is amortized over the required employment terms of the former owners .
the following table details the estimated liability with respect to our contingent acquisition obligations and the estimated amount that would be paid in the event of exercise at the earliest exercise date .
we have certain put options that are exercisable at the discretion of the minority owners as of december 31 , 2008 .
as such , these estimated acquisition payments of $ 5.5 have been included within the total payments expected to be made in 2009 in the table below and , if not made in 2009 , will continue to carry forward into 2010 or beyond until they are exercised or expire .
all payments are contingent upon achieving projected operating performance targets and satisfying other conditions specified in the related agreements and are subject to revisions as the earn-out periods progress .
as of december 31 , 2008 , our estimated future contingent acquisition obligations payable in cash are as follows: ._|    |                                               | 2009   | 2010   | 2011    | 2012   | 2013   | thereafter   | total   |
|---:|:----------------------------------------------|:-------|:-------|:--------|:-------|:-------|:-------------|:--------|
|  0 | deferred acquisition payments                 | $ 67.5 | $ 32.1 | $ 30.1  | $ 4.5  | $ 5.7  | $ 2014       | $ 139.9 |
|  1 | put and call options with affiliates1         | 11.8   | 34.3   | 73.6    | 70.8   | 70.2   | 2.2          | 262.9   |
|  2 | total contingent acquisition payments         | 79.3   | 66.4   | 103.7   | 75.3   | 75.9   | 2.2          | 402.8   |
|  3 | less cash compensation expense included above | 2.6    | 1.3    | 0.7     | 0.7    | 0.3    | 2014         | 5.6     |
|  4 | total                                         | $ 76.7 | $ 65.1 | $ 103.0 | $ 74.6 | $ 75.6 | $ 2.2        | $ 397.2 |_1 we have entered into certain acquisitions that contain both put and call options with similar terms and conditions .
in such instances , we have included the related estimated contingent acquisition obligation in the period when the earliest related option is exercisable .
as a result of revisions made during 2008 to eitf topic no .
d-98 , classification and measurement of redeemable securities ( 201ceitf d-98 201d ) .","|    |                                               | 2009   | 2010   | 2011    | 2012   | 2013   | thereafter   | total   |
|---:|:----------------------------------------------|:-------|:-------|:--------|:-------|:-------|:-------------|:--------|
|  0 | deferred acquisition payments                 | $ 67.5 | $ 32.1 | $ 30.1  | $ 4.5  | $ 5.7  | $ 2014       | $ 139.9 |
|  1 | put and call options with affiliates1         | 11.8   | 34.3   | 73.6    | 70.8   | 70.2   | 2.2          | 262.9   |
|  2 | total contingent acquisition payments         | 79.3   | 66.4   | 103.7   | 75.3   | 75.9   | 2.2          | 402.8   |
|  3 | less cash compensation expense included above | 2.6    | 1.3    | 0.7     | 0.7    | 0.3    | 2014         | 5.6     |
|  4 | total                                         | $ 76.7 | $ 65.1 | $ 103.0 | $ 74.6 | $ 75.6 | $ 2.2        | $ 397.2 |","notes to consolidated financial statements 2014 ( continued ) ( amounts in millions , except per share amounts ) guarantees we have certain contingent obligations under guarantees of certain of our subsidiaries ( 201cparent company guarantees 201d ) relating principally to credit facilities , guarantees of certain media payables and operating leases .
the amount of such parent company guarantees was $ 255.7 and $ 327.1 as of december 31 , 2008 and 2007 , respectively .
in the event of non-payment by the applicable subsidiary of the obligations covered by a guarantee , we would be obligated to pay the amounts covered by that guarantee .
as of december 31 , 2008 , there are no material assets pledged as security for such parent company guarantees .
contingent acquisition obligations we have structured certain acquisitions with additional contingent purchase price obligations in order to reduce the potential risk associated with negative future performance of the acquired entity .
in addition , we have entered into agreements that may require us to purchase additional equity interests in certain consolidated and unconsolidated subsidiaries .
the amounts relating to these transactions are based on estimates of the future financial performance of the acquired entity , the timing of the exercise of these rights , changes in foreign currency exchange rates and other factors .
we have not recorded a liability for these items since the definitive amounts payable are not determinable or distributable .
when the contingent acquisition obligations have been met and consideration is determinable and distributable , we record the fair value of this consideration as an additional cost of the acquired entity .
however , certain acquisitions contain deferred payments that are fixed and determinable on the acquisition date .
in such cases , we record a liability for the payment and record this consideration as an additional cost of the acquired entity on the acquisition date .
if deferred payments and purchases of additional interests after the effective date of purchase are contingent upon the future employment of the former owners then we recognize these payments as compensation expense .
compensation expense is determined based on the terms and conditions of the respective acquisition agreements and employment terms of the former owners of the acquired businesses .
this future expense will not be allocated to the assets and liabilities acquired and is amortized over the required employment terms of the former owners .
the following table details the estimated liability with respect to our contingent acquisition obligations and the estimated amount that would be paid in the event of exercise at the earliest exercise date .
we have certain put options that are exercisable at the discretion of the minority owners as of december 31 , 2008 .
as such , these estimated acquisition payments of $ 5.5 have been included within the total payments expected to be made in 2009 in the table below and , if not made in 2009 , will continue to carry forward into 2010 or beyond until they are exercised or expire .
all payments are contingent upon achieving projected operating performance targets and satisfying other conditions specified in the related agreements and are subject to revisions as the earn-out periods progress .
as of december 31 , 2008 , our estimated future contingent acquisition obligations payable in cash are as follows: .","1 we have entered into certain acquisitions that contain both put and call options with similar terms and conditions .
in such instances , we have included the related estimated contingent acquisition obligation in the period when the earliest related option is exercisable .
as a result of revisions made during 2008 to eitf topic no .
d-98 , classification and measurement of redeemable securities ( 201ceitf d-98 201d ) .",pdf/IPG/2008/page_93.pdf,Interpublic Group of Companies (The),IPG,2008,93,Communication Services,Advertising,"New York City, New York",51644,1961 (1930),data/FinQA/dev/pdf/IPG/2008/page_93.pdf
finqa_dev_441,finqa_dev_ctx_121,dev,"As of December 31, 2016, what percentage of Kraft Heinz's manufacturing and processing facilities, out of the total 87 facilities, are leased?",0.04597701149425287,,"item 1b .
unresolved staff comments .
item 2 .
properties .
our corporate co-headquarters are located in pittsburgh , pennsylvania and chicago , illinois .
our co-headquarters are leased and house our executive offices , certain u.s .
business units , and our administrative , finance , and human resource functions .
we maintain additional owned and leased offices throughout the regions in which we operate .
we manufacture our products in our network of manufacturing and processing facilities located throughout the world .
as of december 31 , 2016 , we operated 87 manufacturing and processing facilities .
we own 83 and lease four of these facilities .
our manufacturing and processing facilities count by segment as of december 31 , 2016 was: ._|    |               |   owned |   leased |
|---:|:--------------|--------:|---------:|
|  0 | united states |      43 |        2 |
|  1 | canada        |       3 |     2014 |
|  2 | europe        |      11 |     2014 |
|  3 | rest of world |      26 |        2 |_we maintain all of our manufacturing and processing facilities in good condition and believe they are suitable and are adequate for our present needs .
we also enter into co-manufacturing arrangements with third parties if we determine it is advantageous to outsource the production of any of our products .
in the fourth quarter of 2016 , we reorganized our segment structure to move our russia business from the rest of world segment to the europe segment .
we have reflected this change in the table above .
see note 18 , segment reporting , to the consolidated financial statements for additional information .
several of our current manufacturing and processing facilities are scheduled to be closed within the next year .
see note 3 , integration and restructuring expenses , to the consolidated financial statements for additional information .
item 3 .
legal proceedings .
we are routinely involved in legal proceedings , claims , and governmental inquiries , inspections or investigations ( 201clegal matters 201d ) arising in the ordinary course of our business .
on april 1 , 2015 , the commodity futures trading commission ( 201ccftc 201d ) filed a formal complaint against mondel 0113z international ( formerly known as kraft foods inc. ) and kraft in the u.s .
district court for the northern district of illinois , eastern division , related to activities involving the trading of december 2011 wheat futures contracts .
the complaint alleges that mondel 0113z international and kraft ( 1 ) manipulated or attempted to manipulate the wheat markets during the fall of 2011 , ( 2 ) violated position limit levels for wheat futures , and ( 3 ) engaged in non-competitive trades by trading both sides of exchange-for-physical chicago board of trade wheat contracts .
as previously disclosed by kraft , these activities arose prior to the october 1 , 2012 spin-off of kraft by mondel 0113z international to its shareholders and involve the business now owned and operated by mondel 0113z international or its affiliates .
the separation and distribution agreement between kraft and mondel 0113z international , dated as of september 27 , 2012 , governs the allocation of liabilities between mondel 0113z international and kraft and , accordingly , mondel 0113z international will predominantly bear the costs of this matter and any monetary penalties or other payments that the cftc may impose .
we do not expect this matter to have a material adverse effect on our financial condition , results of operations , or business .
while we cannot predict with certainty the results of legal matters in which we are currently involved or may in the future be involved , we do not expect that the ultimate costs to resolve any of the legal matters that are currently pending will have a material adverse effect on our financial condition or results of operations .
item 4 .
mine safety disclosures .
not applicable. .","|    |               |   owned |   leased |
|---:|:--------------|--------:|---------:|
|  0 | united states |      43 |        2 |
|  1 | canada        |       3 |     2014 |
|  2 | europe        |      11 |     2014 |
|  3 | rest of world |      26 |        2 |","item 1b .
unresolved staff comments .
item 2 .
properties .
our corporate co-headquarters are located in pittsburgh , pennsylvania and chicago , illinois .
our co-headquarters are leased and house our executive offices , certain u.s .
business units , and our administrative , finance , and human resource functions .
we maintain additional owned and leased offices throughout the regions in which we operate .
we manufacture our products in our network of manufacturing and processing facilities located throughout the world .
as of december 31 , 2016 , we operated 87 manufacturing and processing facilities .
we own 83 and lease four of these facilities .
our manufacturing and processing facilities count by segment as of december 31 , 2016 was: .","we maintain all of our manufacturing and processing facilities in good condition and believe they are suitable and are adequate for our present needs .
we also enter into co-manufacturing arrangements with third parties if we determine it is advantageous to outsource the production of any of our products .
in the fourth quarter of 2016 , we reorganized our segment structure to move our russia business from the rest of world segment to the europe segment .
we have reflected this change in the table above .
see note 18 , segment reporting , to the consolidated financial statements for additional information .
several of our current manufacturing and processing facilities are scheduled to be closed within the next year .
see note 3 , integration and restructuring expenses , to the consolidated financial statements for additional information .
item 3 .
legal proceedings .
we are routinely involved in legal proceedings , claims , and governmental inquiries , inspections or investigations ( 201clegal matters 201d ) arising in the ordinary course of our business .
on april 1 , 2015 , the commodity futures trading commission ( 201ccftc 201d ) filed a formal complaint against mondel 0113z international ( formerly known as kraft foods inc. ) and kraft in the u.s .
district court for the northern district of illinois , eastern division , related to activities involving the trading of december 2011 wheat futures contracts .
the complaint alleges that mondel 0113z international and kraft ( 1 ) manipulated or attempted to manipulate the wheat markets during the fall of 2011 , ( 2 ) violated position limit levels for wheat futures , and ( 3 ) engaged in non-competitive trades by trading both sides of exchange-for-physical chicago board of trade wheat contracts .
as previously disclosed by kraft , these activities arose prior to the october 1 , 2012 spin-off of kraft by mondel 0113z international to its shareholders and involve the business now owned and operated by mondel 0113z international or its affiliates .
the separation and distribution agreement between kraft and mondel 0113z international , dated as of september 27 , 2012 , governs the allocation of liabilities between mondel 0113z international and kraft and , accordingly , mondel 0113z international will predominantly bear the costs of this matter and any monetary penalties or other payments that the cftc may impose .
we do not expect this matter to have a material adverse effect on our financial condition , results of operations , or business .
while we cannot predict with certainty the results of legal matters in which we are currently involved or may in the future be involved , we do not expect that the ultimate costs to resolve any of the legal matters that are currently pending will have a material adverse effect on our financial condition or results of operations .
item 4 .
mine safety disclosures .
not applicable. .",pdf/KHC/2016/page_23.pdf,Kraft Heinz,KHC,2016,23,Consumer Staples,Packaged Foods & Meats,"Chicago, Illinois; Pittsburgh, Pennsylvania",1637459,2015 (1869),data/FinQA/dev/pdf/KHC/2016/page_23.pdf
finqa_dev_451,finqa_dev_ctx_236,dev,By what percentage did the weighted average exercise price per share of Marathon Oil's stock options increase from 2005 to 2007?,1.424025457438345,142.4%,"stock-based awards under the plan stock options 2013 marathon grants stock options under the 2007 plan and previously granted options under the 2003 plan .
marathon 2019s stock options represent the right to purchase shares of common stock at the fair market value of the common stock on the date of grant .
through 2004 , certain stock options were granted under the 2003 plan with a tandem stock appreciation right , which allows the recipient to instead elect to receive cash and/or common stock equal to the excess of the fair market value of shares of common stock , as determined in accordance with the 2003 plan , over the option price of the shares .
in general , stock options granted under the 2007 plan and the 2003 plan vest ratably over a three-year period and have a maximum term of ten years from the date they are granted .
stock appreciation rights 2013 prior to 2005 , marathon granted sars under the 2003 plan .
no stock appreciation rights have been granted under the 2007 plan .
similar to stock options , stock appreciation rights represent the right to receive a payment equal to the excess of the fair market value of shares of common stock on the date the right is exercised over the grant price .
under the 2003 plan , certain sars were granted as stock-settled sars and others were granted in tandem with stock options .
in general , sars granted under the 2003 plan vest ratably over a three-year period and have a maximum term of ten years from the date they are granted .
stock-based performance awards 2013 prior to 2005 , marathon granted stock-based performance awards under the 2003 plan .
no stock-based performance awards have been granted under the 2007 plan .
beginning in 2005 , marathon discontinued granting stock-based performance awards and instead now grants cash-settled performance units to officers .
all stock-based performance awards granted under the 2003 plan have either vested or been forfeited .
as a result , there are no outstanding stock-based performance awards .
restricted stock 2013 marathon grants restricted stock and restricted stock units under the 2007 plan and previously granted such awards under the 2003 plan .
in 2005 , the compensation committee began granting time-based restricted stock to certain u.s.-based officers of marathon and its consolidated subsidiaries as part of their annual long-term incentive package .
the restricted stock awards to officers vest three years from the date of grant , contingent on the recipient 2019s continued employment .
marathon also grants restricted stock to certain non-officer employees and restricted stock units to certain international employees ( 201crestricted stock awards 201d ) , based on their performance within certain guidelines and for retention purposes .
the restricted stock awards to non-officers generally vest in one-third increments over a three-year period , contingent on the recipient 2019s continued employment .
prior to vesting , all restricted stock recipients have the right to vote such stock and receive dividends thereon .
the non-vested shares are not transferable and are held by marathon 2019s transfer agent .
common stock units 2013 marathon maintains an equity compensation program for its non-employee directors under the 2007 plan and previously maintained such a program under the 2003 plan .
all non-employee directors other than the chairman receive annual grants of common stock units , and they are required to hold those units until they leave the board of directors .
when dividends are paid on marathon common stock , directors receive dividend equivalents in the form of additional common stock units .
stock-based compensation expense 2013 total employee stock-based compensation expense was $ 80 million , $ 83 million and $ 111 million in 2007 , 2006 and 2005 .
the total related income tax benefits were $ 29 million , $ 31 million and $ 39 million .
in 2007 and 2006 , cash received upon exercise of stock option awards was $ 27 million and $ 50 million .
tax benefits realized for deductions during 2007 and 2006 that were in excess of the stock-based compensation expense recorded for options exercised and other stock-based awards vested during the period totaled $ 30 million and $ 36 million .
cash settlements of stock option awards totaled $ 1 million and $ 3 million in 2007 and 2006 .
stock option awards granted 2013 during 2007 , 2006 and 2005 , marathon granted stock option awards to both officer and non-officer employees .
the weighted average grant date fair value of these awards was based on the following black-scholes assumptions: ._|    |                                                                       | 2007           | 2006           | 2005           |
|---:|:----------------------------------------------------------------------|:---------------|:---------------|:---------------|
|  0 | weighted average exercise price per share                             | $ 60.94        | $ 37.84        | $ 25.14        |
|  1 | expected annual dividends per share                                   | $ 0.96         | $ 0.80         | $ 0.66         |
|  2 | expected life in years                                                | 5.0            | 5.1            | 5.5            |
|  3 | expected volatility                                                   | 27% ( 27 % )   | 28% ( 28 % )   | 28% ( 28 % )   |
|  4 | risk-free interest rate                                               | 4.1% ( 4.1 % ) | 5.0% ( 5.0 % ) | 3.8% ( 3.8 % ) |
|  5 | weighted average grant date fair value of stock option awards granted | $ 17.24        | $ 10.19        | $ 6.15         |_.","|    |                                                                       | 2007           | 2006           | 2005           |
|---:|:----------------------------------------------------------------------|:---------------|:---------------|:---------------|
|  0 | weighted average exercise price per share                             | $ 60.94        | $ 37.84        | $ 25.14        |
|  1 | expected annual dividends per share                                   | $ 0.96         | $ 0.80         | $ 0.66         |
|  2 | expected life in years                                                | 5.0            | 5.1            | 5.5            |
|  3 | expected volatility                                                   | 27% ( 27 % )   | 28% ( 28 % )   | 28% ( 28 % )   |
|  4 | risk-free interest rate                                               | 4.1% ( 4.1 % ) | 5.0% ( 5.0 % ) | 3.8% ( 3.8 % ) |
|  5 | weighted average grant date fair value of stock option awards granted | $ 17.24        | $ 10.19        | $ 6.15         |","stock-based awards under the plan stock options 2013 marathon grants stock options under the 2007 plan and previously granted options under the 2003 plan .
marathon 2019s stock options represent the right to purchase shares of common stock at the fair market value of the common stock on the date of grant .
through 2004 , certain stock options were granted under the 2003 plan with a tandem stock appreciation right , which allows the recipient to instead elect to receive cash and/or common stock equal to the excess of the fair market value of shares of common stock , as determined in accordance with the 2003 plan , over the option price of the shares .
in general , stock options granted under the 2007 plan and the 2003 plan vest ratably over a three-year period and have a maximum term of ten years from the date they are granted .
stock appreciation rights 2013 prior to 2005 , marathon granted sars under the 2003 plan .
no stock appreciation rights have been granted under the 2007 plan .
similar to stock options , stock appreciation rights represent the right to receive a payment equal to the excess of the fair market value of shares of common stock on the date the right is exercised over the grant price .
under the 2003 plan , certain sars were granted as stock-settled sars and others were granted in tandem with stock options .
in general , sars granted under the 2003 plan vest ratably over a three-year period and have a maximum term of ten years from the date they are granted .
stock-based performance awards 2013 prior to 2005 , marathon granted stock-based performance awards under the 2003 plan .
no stock-based performance awards have been granted under the 2007 plan .
beginning in 2005 , marathon discontinued granting stock-based performance awards and instead now grants cash-settled performance units to officers .
all stock-based performance awards granted under the 2003 plan have either vested or been forfeited .
as a result , there are no outstanding stock-based performance awards .
restricted stock 2013 marathon grants restricted stock and restricted stock units under the 2007 plan and previously granted such awards under the 2003 plan .
in 2005 , the compensation committee began granting time-based restricted stock to certain u.s.-based officers of marathon and its consolidated subsidiaries as part of their annual long-term incentive package .
the restricted stock awards to officers vest three years from the date of grant , contingent on the recipient 2019s continued employment .
marathon also grants restricted stock to certain non-officer employees and restricted stock units to certain international employees ( 201crestricted stock awards 201d ) , based on their performance within certain guidelines and for retention purposes .
the restricted stock awards to non-officers generally vest in one-third increments over a three-year period , contingent on the recipient 2019s continued employment .
prior to vesting , all restricted stock recipients have the right to vote such stock and receive dividends thereon .
the non-vested shares are not transferable and are held by marathon 2019s transfer agent .
common stock units 2013 marathon maintains an equity compensation program for its non-employee directors under the 2007 plan and previously maintained such a program under the 2003 plan .
all non-employee directors other than the chairman receive annual grants of common stock units , and they are required to hold those units until they leave the board of directors .
when dividends are paid on marathon common stock , directors receive dividend equivalents in the form of additional common stock units .
stock-based compensation expense 2013 total employee stock-based compensation expense was $ 80 million , $ 83 million and $ 111 million in 2007 , 2006 and 2005 .
the total related income tax benefits were $ 29 million , $ 31 million and $ 39 million .
in 2007 and 2006 , cash received upon exercise of stock option awards was $ 27 million and $ 50 million .
tax benefits realized for deductions during 2007 and 2006 that were in excess of the stock-based compensation expense recorded for options exercised and other stock-based awards vested during the period totaled $ 30 million and $ 36 million .
cash settlements of stock option awards totaled $ 1 million and $ 3 million in 2007 and 2006 .
stock option awards granted 2013 during 2007 , 2006 and 2005 , marathon granted stock option awards to both officer and non-officer employees .
the weighted average grant date fair value of these awards was based on the following black-scholes assumptions: .",.,pdf/MRO/2007/page_134.pdf,Marathon Oil,MRO,2007,134,Energy,Oil & Gas Exploration & Production,"Houston, Texas",101778,1887,data/FinQA/dev/pdf/MRO/2007/page_134.pdf
finqa_dev_460,finqa_dev_ctx_223,dev,"What percentage of the total common stock reserved for future issuance under all equity compensation plans at Vertex Pharmaceuticals as of December 31, 2003, is allocated to the Vertex 401(k) plan?",0.005629869837409359,0.6%,"rights each holder of a share of outstanding common stock also holds one share purchase right ( a ""right"" ) for each share of common stock .
each right entitles the holder to purchase from the company one half of one-hundredth of a share of series a junior participating preferred stock , $ 0.01 par value ( the ""junior preferred shares"" ) , of the company at a price of $ 135 per one half of one-hundredth of a junior preferred share ( the ""purchase price"" ) .
the rights are not exercisable until the earlier of acquisition by a person or group of 15% ( 15 % ) or more of the outstanding common stock ( an ""acquiring person"" ) or the announcement of an intention to make or commencement of a tender offer or exchange offer , the consummation of which would result in the beneficial ownership by a person or group of 15% ( 15 % ) or more of the outstanding common stock .
in the event that any person or group becomes an acquiring person , each holder of a right other than the acquiring person will thereafter have the right to receive upon exercise that number of shares of common stock having a market value of two times the purchase price and , in the event that the company is acquired in a business combination transaction or 50% ( 50 % ) or more of its assets are sold , each holder of a right will thereafter have the right to receive upon exercise that number of shares of common stock of the acquiring company which at the time of the transaction will have a market value of two times the purchase price .
under certain specified circumstances , the board of directors of the company may cause the rights ( other than rights owned by such person or group ) to be exchanged , in whole or in part , for common stock or junior preferred shares , at an exchange rate of one share of common stock per right or one half of one-hundredth of a junior preferred share per right .
at any time prior to the acquisition by a person or group of beneficial ownership of 15% ( 15 % ) or more of the outstanding common stock , the board of directors of the company may redeem the rights in whole at a price of $ 0.01 per right .
common stock reserved for future issuance at december 31 , 2003 , the company has reserved shares of common stock for future issuance under all equity compensation plans as follows ( shares in thousands ) : p .
significant revenue arrangements the company has formed strategic collaborations with major pharmaceutical companies in the areas of drug discovery , development , and commercialization .
research and development agreements provide the company with financial support and other valuable resources for research programs and development of clinical drug candidates , product development and marketing and sales of products .
collaborative research and development agreements in the company's collaborative research , development and commercialization programs the company seeks to discover , develop and commercialize major pharmaceutical products in conjunction with and supported by the company's collaborators .
collaborative research and development arrangements provide research funding over an initial contract period with renewal and termination options that vary by agreement .
the agreements also include milestone payments based on the achievement or the occurrence of a designated event .
the agreements may also contain development reimbursement provisions , royalty rights or profit sharing rights and manufacturing options .
the terms of each agreement vary .
the company has entered into significant research and development collaborations with large pharmaceutical companies .
p .
significant revenue arrangements novartis in may 2000 , the company and novartis pharma ag ( ""novartis"" ) entered into an agreement to collaborate on the discovery , development and commercialization of small molecule drugs directed at targets in the kinase protein family .
under the agreement , novartis agreed to pay the company an up-front payment of $ 15000000 made upon signing of the agreement , up to $ 200000000 in product research funding over six ._|    | common stock under stock and option plans    |   21829 |
|---:|:---------------------------------------------|--------:|
|  0 | common stock under the vertex purchase plan  |     249 |
|  1 | common stock under the vertex 401 ( k ) plan |     125 |
|  2 | total                                        |   22203 |_.","|    | common stock under stock and option plans    |   21829 |
|---:|:---------------------------------------------|--------:|
|  0 | common stock under the vertex purchase plan  |     249 |
|  1 | common stock under the vertex 401 ( k ) plan |     125 |
|  2 | total                                        |   22203 |","rights each holder of a share of outstanding common stock also holds one share purchase right ( a ""right"" ) for each share of common stock .
each right entitles the holder to purchase from the company one half of one-hundredth of a share of series a junior participating preferred stock , $ 0.01 par value ( the ""junior preferred shares"" ) , of the company at a price of $ 135 per one half of one-hundredth of a junior preferred share ( the ""purchase price"" ) .
the rights are not exercisable until the earlier of acquisition by a person or group of 15% ( 15 % ) or more of the outstanding common stock ( an ""acquiring person"" ) or the announcement of an intention to make or commencement of a tender offer or exchange offer , the consummation of which would result in the beneficial ownership by a person or group of 15% ( 15 % ) or more of the outstanding common stock .
in the event that any person or group becomes an acquiring person , each holder of a right other than the acquiring person will thereafter have the right to receive upon exercise that number of shares of common stock having a market value of two times the purchase price and , in the event that the company is acquired in a business combination transaction or 50% ( 50 % ) or more of its assets are sold , each holder of a right will thereafter have the right to receive upon exercise that number of shares of common stock of the acquiring company which at the time of the transaction will have a market value of two times the purchase price .
under certain specified circumstances , the board of directors of the company may cause the rights ( other than rights owned by such person or group ) to be exchanged , in whole or in part , for common stock or junior preferred shares , at an exchange rate of one share of common stock per right or one half of one-hundredth of a junior preferred share per right .
at any time prior to the acquisition by a person or group of beneficial ownership of 15% ( 15 % ) or more of the outstanding common stock , the board of directors of the company may redeem the rights in whole at a price of $ 0.01 per right .
common stock reserved for future issuance at december 31 , 2003 , the company has reserved shares of common stock for future issuance under all equity compensation plans as follows ( shares in thousands ) : p .
significant revenue arrangements the company has formed strategic collaborations with major pharmaceutical companies in the areas of drug discovery , development , and commercialization .
research and development agreements provide the company with financial support and other valuable resources for research programs and development of clinical drug candidates , product development and marketing and sales of products .
collaborative research and development agreements in the company's collaborative research , development and commercialization programs the company seeks to discover , develop and commercialize major pharmaceutical products in conjunction with and supported by the company's collaborators .
collaborative research and development arrangements provide research funding over an initial contract period with renewal and termination options that vary by agreement .
the agreements also include milestone payments based on the achievement or the occurrence of a designated event .
the agreements may also contain development reimbursement provisions , royalty rights or profit sharing rights and manufacturing options .
the terms of each agreement vary .
the company has entered into significant research and development collaborations with large pharmaceutical companies .
p .
significant revenue arrangements novartis in may 2000 , the company and novartis pharma ag ( ""novartis"" ) entered into an agreement to collaborate on the discovery , development and commercialization of small molecule drugs directed at targets in the kinase protein family .
under the agreement , novartis agreed to pay the company an up-front payment of $ 15000000 made upon signing of the agreement , up to $ 200000000 in product research funding over six .",.,pdf/VRTX/2003/page_71.pdf,Vertex Pharmaceuticals,VRTX,2003,71,Health Care,Biotechnology,"Boston, Massachusetts",875320,1989,data/FinQA/dev/pdf/VRTX/2003/page_71.pdf
finqa_dev_490,finqa_dev_ctx_29,dev,"What is the percentage change in American Tower's amortization expense from 2007 to 2008, as outlined in the company's 2004 consolidated financial statements?",0.04239130434782615,4.2%,"american tower corporation and subsidiaries notes to consolidated financial statements 2014 ( continued ) a description of the company 2019s reporting units and the results of the related transitional impairment testing are as follows : verestar 2014verestar was a single segment and reporting unit until december 2002 , when the company committed to a plan to dispose of verestar .
the company recorded an impairment charge of $ 189.3 million relating to the impairment of goodwill in this reporting unit .
the fair value of this reporting unit was determined based on an independent third party appraisal .
network development services 2014as of january 1 , 2002 , the reporting units in the company 2019s network development services segment included kline , specialty constructors , galaxy , mts components and flash technologies .
the company estimated the fair value of these reporting units utilizing future discounted cash flows and market information as to the value of each reporting unit on january 1 , 2002 .
the company recorded an impairment charge of $ 387.8 million for the year ended december 31 , 2002 related to the impairment of goodwill within these reporting units .
such charge included full impairment for all of the goodwill within the reporting units except kline , for which only a partial impairment was recorded .
as discussed in note 2 , the assets of all of these reporting units were sold as of december 31 , 2003 , except for those of kline and our tower construction services unit , which were sold in march and november 2004 , respectively .
rental and management 2014the company obtained an independent third party appraisal of the rental and management reporting unit that contains goodwill and determined that goodwill was not impaired .
the company 2019s other intangible assets subject to amortization consist of the following as of december 31 , ( in thousands ) : ._|    |                                                         | 2004               | 2003               |
|---:|:--------------------------------------------------------|:-------------------|:-------------------|
|  0 | acquired customer base and network location intangibles | $ 1369607          | $ 1299521          |
|  1 | deferred financing costs                                | 89736              | 111484             |
|  2 | acquired licenses and other intangibles                 | 43404              | 43125              |
|  3 | total                                                   | 1502747            | 1454130            |
|  4 | less accumulated amortization                           | -517444 ( 517444 ) | -434381 ( 434381 ) |
|  5 | other intangible assets net                             | $ 985303           | $ 1019749          |_the company amortizes its intangible assets over periods ranging from three to fifteen years .
amortization of intangible assets for the years ended december 31 , 2004 and 2003 aggregated approximately $ 97.8 million and $ 94.6 million , respectively ( excluding amortization of deferred financing costs , which is included in interest expense ) .
the company expects to record amortization expense of approximately $ 97.8 million , $ 95.9 million , $ 92.0 million , $ 90.5 million and $ 88.8 million , respectively , for the years ended december 31 , 2005 , 2006 , 2007 , 2008 and 2009 , respectively .
5 .
notes receivable in 2000 , the company loaned tv azteca , s.a .
de c.v .
( tv azteca ) , the owner of a major national television network in mexico , $ 119.8 million .
the loan , which initially bore interest at 12.87% ( 12.87 % ) , payable quarterly , was discounted by the company , as the fair value interest rate at the date of the loan was determined to be 14.25% ( 14.25 % ) .
the loan was amended effective january 1 , 2003 to increase the original interest rate to 13.11% ( 13.11 % ) .
as of december 31 , 2004 , and 2003 , approximately $ 119.8 million undiscounted ( $ 108.2 million discounted ) under the loan was outstanding and included in notes receivable and other long-term assets in the accompanying consolidated balance sheets .
the term of the loan is seventy years ; however , the loan may be prepaid by tv .","|    |                                                         | 2004               | 2003               |
|---:|:--------------------------------------------------------|:-------------------|:-------------------|
|  0 | acquired customer base and network location intangibles | $ 1369607          | $ 1299521          |
|  1 | deferred financing costs                                | 89736              | 111484             |
|  2 | acquired licenses and other intangibles                 | 43404              | 43125              |
|  3 | total                                                   | 1502747            | 1454130            |
|  4 | less accumulated amortization                           | -517444 ( 517444 ) | -434381 ( 434381 ) |
|  5 | other intangible assets net                             | $ 985303           | $ 1019749          |","american tower corporation and subsidiaries notes to consolidated financial statements 2014 ( continued ) a description of the company 2019s reporting units and the results of the related transitional impairment testing are as follows : verestar 2014verestar was a single segment and reporting unit until december 2002 , when the company committed to a plan to dispose of verestar .
the company recorded an impairment charge of $ 189.3 million relating to the impairment of goodwill in this reporting unit .
the fair value of this reporting unit was determined based on an independent third party appraisal .
network development services 2014as of january 1 , 2002 , the reporting units in the company 2019s network development services segment included kline , specialty constructors , galaxy , mts components and flash technologies .
the company estimated the fair value of these reporting units utilizing future discounted cash flows and market information as to the value of each reporting unit on january 1 , 2002 .
the company recorded an impairment charge of $ 387.8 million for the year ended december 31 , 2002 related to the impairment of goodwill within these reporting units .
such charge included full impairment for all of the goodwill within the reporting units except kline , for which only a partial impairment was recorded .
as discussed in note 2 , the assets of all of these reporting units were sold as of december 31 , 2003 , except for those of kline and our tower construction services unit , which were sold in march and november 2004 , respectively .
rental and management 2014the company obtained an independent third party appraisal of the rental and management reporting unit that contains goodwill and determined that goodwill was not impaired .
the company 2019s other intangible assets subject to amortization consist of the following as of december 31 , ( in thousands ) : .","the company amortizes its intangible assets over periods ranging from three to fifteen years .
amortization of intangible assets for the years ended december 31 , 2004 and 2003 aggregated approximately $ 97.8 million and $ 94.6 million , respectively ( excluding amortization of deferred financing costs , which is included in interest expense ) .
the company expects to record amortization expense of approximately $ 97.8 million , $ 95.9 million , $ 92.0 million , $ 90.5 million and $ 88.8 million , respectively , for the years ended december 31 , 2005 , 2006 , 2007 , 2008 and 2009 , respectively .
5 .
notes receivable in 2000 , the company loaned tv azteca , s.a .
de c.v .
( tv azteca ) , the owner of a major national television network in mexico , $ 119.8 million .
the loan , which initially bore interest at 12.87% ( 12.87 % ) , payable quarterly , was discounted by the company , as the fair value interest rate at the date of the loan was determined to be 14.25% ( 14.25 % ) .
the loan was amended effective january 1 , 2003 to increase the original interest rate to 13.11% ( 13.11 % ) .
as of december 31 , 2004 , and 2003 , approximately $ 119.8 million undiscounted ( $ 108.2 million discounted ) under the loan was outstanding and included in notes receivable and other long-term assets in the accompanying consolidated balance sheets .
the term of the loan is seventy years ; however , the loan may be prepaid by tv .",pdf/AMT/2004/page_81.pdf,American Tower,AMT,2004,81,Real Estate,Telecom Tower REITs,"Boston, Massachusetts",1053507,1995,data/FinQA/dev/pdf/AMT/2004/page_81.pdf
finqa_dev_492,finqa_dev_ctx_76,dev,"What was the total amount of long-term debt that Entergy Corporation and its subsidiaries had to pay between 2016 and 2020, according to the annual long-term debt maturities listed in the financial statements for the year 2015?",4192989.0,4192989,"entergy corporation and subsidiaries notes to financial statements ( a ) consists of pollution control revenue bonds and environmental revenue bonds , some of which are secured by collateral first mortgage bonds .
( b ) these notes do not have a stated interest rate , but have an implicit interest rate of 4.8% ( 4.8 % ) .
( c ) pursuant to the nuclear waste policy act of 1982 , entergy 2019s nuclear owner/licensee subsidiaries have contracts with the doe for spent nuclear fuel disposal service .
the contracts include a one-time fee for generation prior to april 7 , 1983 .
entergy arkansas is the only entergy company that generated electric power with nuclear fuel prior to that date and includes the one-time fee , plus accrued interest , in long-term debt .
( d ) see note 10 to the financial statements for further discussion of the waterford 3 and grand gulf lease obligations .
( e ) the fair value excludes lease obligations of $ 109 million at entergy louisiana and $ 34 million at system energy , long-term doe obligations of $ 181 million at entergy arkansas , and the note payable to nypa of $ 35 million at entergy , and includes debt due within one year .
fair values are classified as level 2 in the fair value hierarchy discussed in note 16 to the financial statements and are based on prices derived from inputs such as benchmark yields and reported trades .
the annual long-term debt maturities ( excluding lease obligations and long-term doe obligations ) for debt outstanding as of december 31 , 2015 , for the next five years are as follows : amount ( in thousands ) ._|    |      | amount ( in thousands )   |
|---:|-----:|:--------------------------|
|  0 | 2016 | $ 204079                  |
|  1 | 2017 | $ 766451                  |
|  2 | 2018 | $ 822690                  |
|  3 | 2019 | $ 768588                  |
|  4 | 2020 | $ 1631181                 |_in november 2000 , entergy 2019s non-utility nuclear business purchased the fitzpatrick and indian point 3 power plants in a seller-financed transaction .
entergy issued notes to nypa with seven annual installments of approximately $ 108 million commencing one year from the date of the closing , and eight annual installments of $ 20 million commencing eight years from the date of the closing .
these notes do not have a stated interest rate , but have an implicit interest rate of 4.8% ( 4.8 % ) .
in accordance with the purchase agreement with nypa , the purchase of indian point 2 in 2001 resulted in entergy becoming liable to nypa for an additional $ 10 million per year for 10 years , beginning in september 2003 .
this liability was recorded upon the purchase of indian point 2 in september 2001 .
as part of the purchase agreement with nypa , entergy recorded a liability representing the net present value of the payments entergy would be liable to nypa for each year that the fitzpatrick and indian point 3 power plants would run beyond their respective original nrc license expiration date .
with the planned shutdown of fitzpatrick at the end of its current fuel cycle , entergy reduced this liability by $ 26.4 million in 2015 pursuant to the terms of the purchase agreement .
under a provision in a letter of credit supporting these notes , if certain of the utility operating companies or system energy were to default on other indebtedness , entergy could be required to post collateral to support the letter of credit .
entergy louisiana , entergy mississippi , entergy texas , and system energy have obtained long-term financing authorizations from the ferc that extend through october 2017 .
entergy arkansas has obtained long-term financing authorization from the apsc that extends through december 2018 .
entergy new orleans has obtained long-term financing authorization from the city council that extends through july 2016 .
capital funds agreement pursuant to an agreement with certain creditors , entergy corporation has agreed to supply system energy with sufficient capital to: .","|    |      | amount ( in thousands )   |
|---:|-----:|:--------------------------|
|  0 | 2016 | $ 204079                  |
|  1 | 2017 | $ 766451                  |
|  2 | 2018 | $ 822690                  |
|  3 | 2019 | $ 768588                  |
|  4 | 2020 | $ 1631181                 |","entergy corporation and subsidiaries notes to financial statements ( a ) consists of pollution control revenue bonds and environmental revenue bonds , some of which are secured by collateral first mortgage bonds .
( b ) these notes do not have a stated interest rate , but have an implicit interest rate of 4.8% ( 4.8 % ) .
( c ) pursuant to the nuclear waste policy act of 1982 , entergy 2019s nuclear owner/licensee subsidiaries have contracts with the doe for spent nuclear fuel disposal service .
the contracts include a one-time fee for generation prior to april 7 , 1983 .
entergy arkansas is the only entergy company that generated electric power with nuclear fuel prior to that date and includes the one-time fee , plus accrued interest , in long-term debt .
( d ) see note 10 to the financial statements for further discussion of the waterford 3 and grand gulf lease obligations .
( e ) the fair value excludes lease obligations of $ 109 million at entergy louisiana and $ 34 million at system energy , long-term doe obligations of $ 181 million at entergy arkansas , and the note payable to nypa of $ 35 million at entergy , and includes debt due within one year .
fair values are classified as level 2 in the fair value hierarchy discussed in note 16 to the financial statements and are based on prices derived from inputs such as benchmark yields and reported trades .
the annual long-term debt maturities ( excluding lease obligations and long-term doe obligations ) for debt outstanding as of december 31 , 2015 , for the next five years are as follows : amount ( in thousands ) .","in november 2000 , entergy 2019s non-utility nuclear business purchased the fitzpatrick and indian point 3 power plants in a seller-financed transaction .
entergy issued notes to nypa with seven annual installments of approximately $ 108 million commencing one year from the date of the closing , and eight annual installments of $ 20 million commencing eight years from the date of the closing .
these notes do not have a stated interest rate , but have an implicit interest rate of 4.8% ( 4.8 % ) .
in accordance with the purchase agreement with nypa , the purchase of indian point 2 in 2001 resulted in entergy becoming liable to nypa for an additional $ 10 million per year for 10 years , beginning in september 2003 .
this liability was recorded upon the purchase of indian point 2 in september 2001 .
as part of the purchase agreement with nypa , entergy recorded a liability representing the net present value of the payments entergy would be liable to nypa for each year that the fitzpatrick and indian point 3 power plants would run beyond their respective original nrc license expiration date .
with the planned shutdown of fitzpatrick at the end of its current fuel cycle , entergy reduced this liability by $ 26.4 million in 2015 pursuant to the terms of the purchase agreement .
under a provision in a letter of credit supporting these notes , if certain of the utility operating companies or system energy were to default on other indebtedness , entergy could be required to post collateral to support the letter of credit .
entergy louisiana , entergy mississippi , entergy texas , and system energy have obtained long-term financing authorizations from the ferc that extend through october 2017 .
entergy arkansas has obtained long-term financing authorization from the apsc that extends through december 2018 .
entergy new orleans has obtained long-term financing authorization from the city council that extends through july 2016 .
capital funds agreement pursuant to an agreement with certain creditors , entergy corporation has agreed to supply system energy with sufficient capital to: .",pdf/ETR/2015/page_131.pdf,Entergy,ETR,2015,131,Utilities,Electric Utilities,"New Orleans, Louisiana",65984,1913,data/FinQA/dev/pdf/ETR/2015/page_131.pdf
finqa_dev_50,finqa_dev_ctx_216,dev,"What was the ratio of gallons hedged by Republic Services in 2017 to those in 2018, as outlined in their 2016 consolidated financial statements?",4.0,4,"republic services , inc .
notes to consolidated financial statements 2014 ( continued ) 16 .
financial instruments fuel hedges we have entered into multiple swap agreements designated as cash flow hedges to mitigate some of our exposure related to changes in diesel fuel prices .
these swaps qualified for , and were designated as , effective hedges of changes in the prices of forecasted diesel fuel purchases ( fuel hedges ) .
the following table summarizes our outstanding fuel hedges as of december 31 , 2016 : year gallons hedged weighted average contract price per gallon ._|    |   year |   gallons hedged | weighted average contractprice per gallon   |
|---:|-------:|-----------------:|:--------------------------------------------|
|  0 |   2017 |         12000000 | $ 2.92                                      |
|  1 |   2018 |          3000000 | 2.61                                        |_if the national u.s .
on-highway average price for a gallon of diesel fuel as published by the department of energy exceeds the contract price per gallon , we receive the difference between the average price and the contract price ( multiplied by the notional gallons ) from the counterparty .
if the average price is less than the contract price per gallon , we pay the difference to the counterparty .
the fair values of our fuel hedges are determined using standard option valuation models with assumptions about commodity prices based on those observed in underlying markets ( level 2 in the fair value hierarchy ) .
the aggregate fair values of our outstanding fuel hedges as of december 31 , 2016 and 2015 were current liabilities of $ 2.7 million and $ 37.8 million , respectively , and have been recorded in other accrued liabilities in our consolidated balance sheets .
the ineffective portions of the changes in fair values resulted in a gain of $ 0.8 million for the year ended december 31 , 2016 , and a loss of $ 0.4 million and $ 0.5 million for the years ended december 31 , 2015 and 2014 , respectively , and have been recorded in other income , net in our consolidated statements of income .
total gain ( loss ) recognized in other comprehensive income ( loss ) for fuel hedges ( the effective portion ) was $ 20.7 million , $ ( 2.0 ) million and $ ( 24.2 ) million , for the years ended december 31 , 2016 , 2015 and 2014 , respectively .
we classify cash inflows and outflows from our fuel hedges within operating activities in the unaudited consolidated statements of cash flows .
recycling commodity hedges revenue from the sale of recycled commodities is primarily from sales of old corrugated containers and old newsprint .
from time to time we use derivative instruments such as swaps and costless collars designated as cash flow hedges to manage our exposure to changes in prices of these commodities .
during 2016 , we entered into multiple agreements related to the forecasted occ sales .
the agreements qualified for , and were designated as , effective hedges of changes in the prices of certain forecasted recycling commodity sales ( commodity hedges ) .
we entered into costless collar agreements on forecasted sales of occ .
the agreements involve combining a purchased put option giving us the right to sell occ at an established floor strike price with a written call option obligating us to deliver occ at an established cap strike price .
the puts and calls have the same settlement dates , are net settled in cash on such dates and have the same terms to expiration .
the contemporaneous combination of options resulted in no net premium for us and represents costless collars .
under these agreements , we will make or receive no payments as long as the settlement price is between the floor price and cap price ; however , if the settlement price is above the cap , we will pay the counterparty an amount equal to the excess of the settlement price over the cap times the monthly volumes hedged .
if the settlement price is below the floor , the counterparty will pay us the deficit of the settlement price below the floor times the monthly volumes hedged .
the objective of these agreements is to reduce variability of cash flows for forecasted sales of occ between two designated strike prices. .","|    |   year |   gallons hedged | weighted average contractprice per gallon   |
|---:|-------:|-----------------:|:--------------------------------------------|
|  0 |   2017 |         12000000 | $ 2.92                                      |
|  1 |   2018 |          3000000 | 2.61                                        |","republic services , inc .
notes to consolidated financial statements 2014 ( continued ) 16 .
financial instruments fuel hedges we have entered into multiple swap agreements designated as cash flow hedges to mitigate some of our exposure related to changes in diesel fuel prices .
these swaps qualified for , and were designated as , effective hedges of changes in the prices of forecasted diesel fuel purchases ( fuel hedges ) .
the following table summarizes our outstanding fuel hedges as of december 31 , 2016 : year gallons hedged weighted average contract price per gallon .","if the national u.s .
on-highway average price for a gallon of diesel fuel as published by the department of energy exceeds the contract price per gallon , we receive the difference between the average price and the contract price ( multiplied by the notional gallons ) from the counterparty .
if the average price is less than the contract price per gallon , we pay the difference to the counterparty .
the fair values of our fuel hedges are determined using standard option valuation models with assumptions about commodity prices based on those observed in underlying markets ( level 2 in the fair value hierarchy ) .
the aggregate fair values of our outstanding fuel hedges as of december 31 , 2016 and 2015 were current liabilities of $ 2.7 million and $ 37.8 million , respectively , and have been recorded in other accrued liabilities in our consolidated balance sheets .
the ineffective portions of the changes in fair values resulted in a gain of $ 0.8 million for the year ended december 31 , 2016 , and a loss of $ 0.4 million and $ 0.5 million for the years ended december 31 , 2015 and 2014 , respectively , and have been recorded in other income , net in our consolidated statements of income .
total gain ( loss ) recognized in other comprehensive income ( loss ) for fuel hedges ( the effective portion ) was $ 20.7 million , $ ( 2.0 ) million and $ ( 24.2 ) million , for the years ended december 31 , 2016 , 2015 and 2014 , respectively .
we classify cash inflows and outflows from our fuel hedges within operating activities in the unaudited consolidated statements of cash flows .
recycling commodity hedges revenue from the sale of recycled commodities is primarily from sales of old corrugated containers and old newsprint .
from time to time we use derivative instruments such as swaps and costless collars designated as cash flow hedges to manage our exposure to changes in prices of these commodities .
during 2016 , we entered into multiple agreements related to the forecasted occ sales .
the agreements qualified for , and were designated as , effective hedges of changes in the prices of certain forecasted recycling commodity sales ( commodity hedges ) .
we entered into costless collar agreements on forecasted sales of occ .
the agreements involve combining a purchased put option giving us the right to sell occ at an established floor strike price with a written call option obligating us to deliver occ at an established cap strike price .
the puts and calls have the same settlement dates , are net settled in cash on such dates and have the same terms to expiration .
the contemporaneous combination of options resulted in no net premium for us and represents costless collars .
under these agreements , we will make or receive no payments as long as the settlement price is between the floor price and cap price ; however , if the settlement price is above the cap , we will pay the counterparty an amount equal to the excess of the settlement price over the cap times the monthly volumes hedged .
if the settlement price is below the floor , the counterparty will pay us the deficit of the settlement price below the floor times the monthly volumes hedged .
the objective of these agreements is to reduce variability of cash flows for forecasted sales of occ between two designated strike prices. .",pdf/RSG/2016/page_144.pdf,Republic Services,RSG,2016,144,Industrials,Environmental & Facilities Services,"Phoenix, Arizona",1060391,1998 (1981),data/FinQA/dev/pdf/RSG/2016/page_144.pdf
finqa_dev_509,finqa_dev_ctx_233,dev,"What was the percentage growth of Tractor Supply Company's stock price from December 28, 2013, to December 27, 2014, based on the $100 initial investment as shown in the historical stock price performance graph?",0.0411,4.11%,"stock performance graph this performance graph shall not be deemed 201cfiled 201d for purposes of section 18 of the securities exchange act of 1934 , as amended ( the 201cexchange act 201d ) or otherwise subject to the liabilities under that section and shall not be deemed to be incorporated by reference into any filing of tractor supply company under the securities act of 1933 , as amended , or the exchange act .
the following graph compares the cumulative total stockholder return on our common stock from december 28 , 2013 to december 29 , 2018 ( the company 2019s fiscal year-end ) , with the cumulative total returns of the s&p 500 index and the s&p retail index over the same period .
the comparison assumes that $ 100 was invested on december 28 , 2013 , in our common stock and in each of the foregoing indices and in each case assumes reinvestment of dividends .
the historical stock price performance shown on this graph is not indicative of future performance. ._|    |                        | 12/28/2013   | 12/27/2014   | 12/26/2015   | 12/31/2016   | 12/30/2017   | 12/29/2018   |
|---:|:-----------------------|:-------------|:-------------|:-------------|:-------------|:-------------|:-------------|
|  0 | tractor supply company | $ 100.00     | $ 104.11     | $ 115.45     | $ 103.33     | $ 103.67     | $ 117.18     |
|  1 | s&p 500                | $ 100.00     | $ 115.76     | $ 116.64     | $ 129.55     | $ 157.84     | $ 149.63     |
|  2 | s&p retail index       | $ 100.00     | $ 111.18     | $ 140.22     | $ 148.53     | $ 193.68     | $ 217.01     |_.","|    |                        | 12/28/2013   | 12/27/2014   | 12/26/2015   | 12/31/2016   | 12/30/2017   | 12/29/2018   |
|---:|:-----------------------|:-------------|:-------------|:-------------|:-------------|:-------------|:-------------|
|  0 | tractor supply company | $ 100.00     | $ 104.11     | $ 115.45     | $ 103.33     | $ 103.67     | $ 117.18     |
|  1 | s&p 500                | $ 100.00     | $ 115.76     | $ 116.64     | $ 129.55     | $ 157.84     | $ 149.63     |
|  2 | s&p retail index       | $ 100.00     | $ 111.18     | $ 140.22     | $ 148.53     | $ 193.68     | $ 217.01     |","stock performance graph this performance graph shall not be deemed 201cfiled 201d for purposes of section 18 of the securities exchange act of 1934 , as amended ( the 201cexchange act 201d ) or otherwise subject to the liabilities under that section and shall not be deemed to be incorporated by reference into any filing of tractor supply company under the securities act of 1933 , as amended , or the exchange act .
the following graph compares the cumulative total stockholder return on our common stock from december 28 , 2013 to december 29 , 2018 ( the company 2019s fiscal year-end ) , with the cumulative total returns of the s&p 500 index and the s&p retail index over the same period .
the comparison assumes that $ 100 was invested on december 28 , 2013 , in our common stock and in each of the foregoing indices and in each case assumes reinvestment of dividends .
the historical stock price performance shown on this graph is not indicative of future performance. .",.,pdf/TSCO/2018/page_34.pdf,Tractor Supply,TSCO,2018,34,Consumer Discretionary,Other Specialty Retail,"Brentwood, Tennessee",916365,1938,data/FinQA/dev/pdf/TSCO/2018/page_34.pdf
finqa_dev_542,finqa_dev_ctx_72,dev,"What percentage of Edwards Lifesciences' total cash purchase price net of cash acquired, as reported in the 2016 financial statements, was represented by the goodwill from the Cardiaq acquisition?",0.8088097469540767,81%,"edwards lifesciences corporation notes to consolidated financial statements ( continued ) 7 .
acquisitions ( continued ) was recorded to goodwill .
the following table summarizes the fair values of the assets acquired and liabilities assumed ( in millions ) : ._|    | current assets                                 | $ 28.1         |
|---:|:-----------------------------------------------|:---------------|
|  0 | property and equipment net                     | 0.2            |
|  1 | goodwill                                       | 258.9          |
|  2 | ipr&d                                          | 190.0          |
|  3 | current liabilities assumed                    | -32.9 ( 32.9 ) |
|  4 | deferred income taxes                          | -66.0 ( 66.0 ) |
|  5 | contingent consideration                       | -30.3 ( 30.3 ) |
|  6 | total cash purchase price                      | 348.0          |
|  7 | less : cash acquired                           | -27.9 ( 27.9 ) |
|  8 | total cash purchase price net of cash acquired | $ 320.1        |_goodwill includes expected synergies and other benefits the company believes will result from the acquisition .
goodwill was assigned to the company 2019s united states segment and is not deductible for tax purposes .
ipr&d has been capitalized at fair value as an intangible asset with an indefinite life and will be assessed for impairment in subsequent periods .
the fair value of the ipr&d was determined using the income approach .
this approach determines fair value based on cash flow projections which are discounted to present value using a risk-adjusted rate of return .
the discount rate used to determine the fair value of the ipr&d was 16.5% ( 16.5 % ) .
completion of successful design developments , bench testing , pre-clinical studies and human clinical studies are required prior to selling any product .
the risks and uncertainties associated with completing development within a reasonable period of time include those related to the design , development , and manufacturability of the product , the success of pre-clinical and clinical studies , and the timing of regulatory approvals .
the valuation assumed $ 97.7 million of additional research and development expenditures would be incurred prior to the date of product introduction , and the company does not currently anticipate significant changes to forecasted research and development expenditures associated with the cardiaq program .
the company 2019s valuation model also assumed net cash inflows would commence in late 2018 , if successful clinical trial experiences lead to a ce mark approval .
upon completion of development , the underlying research and development intangible asset will be amortized over its estimated useful life .
the company disclosed in early february 2017 that it had voluntarily paused enrollment in its clinical trials for the edwards-cardiaq valve to perform further design validation testing on a feature of the valve .
this testing has been completed and , in collaboration with clinical investigators , the company has decided to resume screening patients for enrollment in its clinical trials .
the results of operations for cardiaq have been included in the accompanying consolidated financial statements from the date of acquisition .
pro forma results have not been presented as the results of cardiaq are not material in relation to the consolidated financial statements of the company .
8 .
goodwill and other intangible assets on july 3 , 2015 , the company acquired cardiaq ( see note 7 ) .
this transaction resulted in an increase to goodwill of $ 258.9 million and ipr&d of $ 190.0 million. .","|    | current assets                                 | $ 28.1         |
|---:|:-----------------------------------------------|:---------------|
|  0 | property and equipment net                     | 0.2            |
|  1 | goodwill                                       | 258.9          |
|  2 | ipr&d                                          | 190.0          |
|  3 | current liabilities assumed                    | -32.9 ( 32.9 ) |
|  4 | deferred income taxes                          | -66.0 ( 66.0 ) |
|  5 | contingent consideration                       | -30.3 ( 30.3 ) |
|  6 | total cash purchase price                      | 348.0          |
|  7 | less : cash acquired                           | -27.9 ( 27.9 ) |
|  8 | total cash purchase price net of cash acquired | $ 320.1        |","edwards lifesciences corporation notes to consolidated financial statements ( continued ) 7 .
acquisitions ( continued ) was recorded to goodwill .
the following table summarizes the fair values of the assets acquired and liabilities assumed ( in millions ) : .","goodwill includes expected synergies and other benefits the company believes will result from the acquisition .
goodwill was assigned to the company 2019s united states segment and is not deductible for tax purposes .
ipr&d has been capitalized at fair value as an intangible asset with an indefinite life and will be assessed for impairment in subsequent periods .
the fair value of the ipr&d was determined using the income approach .
this approach determines fair value based on cash flow projections which are discounted to present value using a risk-adjusted rate of return .
the discount rate used to determine the fair value of the ipr&d was 16.5% ( 16.5 % ) .
completion of successful design developments , bench testing , pre-clinical studies and human clinical studies are required prior to selling any product .
the risks and uncertainties associated with completing development within a reasonable period of time include those related to the design , development , and manufacturability of the product , the success of pre-clinical and clinical studies , and the timing of regulatory approvals .
the valuation assumed $ 97.7 million of additional research and development expenditures would be incurred prior to the date of product introduction , and the company does not currently anticipate significant changes to forecasted research and development expenditures associated with the cardiaq program .
the company 2019s valuation model also assumed net cash inflows would commence in late 2018 , if successful clinical trial experiences lead to a ce mark approval .
upon completion of development , the underlying research and development intangible asset will be amortized over its estimated useful life .
the company disclosed in early february 2017 that it had voluntarily paused enrollment in its clinical trials for the edwards-cardiaq valve to perform further design validation testing on a feature of the valve .
this testing has been completed and , in collaboration with clinical investigators , the company has decided to resume screening patients for enrollment in its clinical trials .
the results of operations for cardiaq have been included in the accompanying consolidated financial statements from the date of acquisition .
pro forma results have not been presented as the results of cardiaq are not material in relation to the consolidated financial statements of the company .
8 .
goodwill and other intangible assets on july 3 , 2015 , the company acquired cardiaq ( see note 7 ) .
this transaction resulted in an increase to goodwill of $ 258.9 million and ipr&d of $ 190.0 million. .",pdf/EW/2016/page_79.pdf,Edwards Lifesciences,EW,2016,79,Health Care,Health Care Equipment,"Irvine, California",1099800,1958,data/FinQA/dev/pdf/EW/2016/page_79.pdf
finqa_dev_562,finqa_dev_ctx_148,dev,"What is the percentage change in the quarterly cash dividend per share for Duke Realty Corporation from the first quarter ended March 31, 2002, to the fourth quarter ended December 31, 2002, as reported in the company's 2002 annual report?",1.111111111111112,1.11%,"market price and dividends d u k e r e a l t y c o r p o r a t i o n 3 8 2 0 0 2 a n n u a l r e p o r t the company 2019s common shares are listed for trading on the new york stock exchange , symbol dre .
the following table sets forth the high and low sales prices of the common stock for the periods indicated and the dividend paid per share during each such period .
comparable cash dividends are expected in the future .
on january 29 , 2003 , the company declared a quarterly cash dividend of $ .455 per share , payable on february 28 , 2003 , to common shareholders of record on february 14 , 2003. ._|    | quarter ended   | 2002 high   | 2002 low   | 2002 dividend   | 2002 high   | 2002 low   | dividend   |
|---:|:----------------|:------------|:-----------|:----------------|:------------|:-----------|:-----------|
|  0 | december 31     | $ 25.84     | $ 21.50    | $ .455          | $ 24.80     | $ 22.00    | $ .45      |
|  1 | september 30    | 28.88       | 21.40      | .455            | 26.17       | 21.60      | .45        |
|  2 | june 30         | 28.95       | 25.46      | .450            | 24.99       | 22.00      | .43        |
|  3 | march 31        | 26.50       | 22.92      | .450            | 25.44       | 21.85      | .43        |_.","|    | quarter ended   | 2002 high   | 2002 low   | 2002 dividend   | 2002 high   | 2002 low   | dividend   |
|---:|:----------------|:------------|:-----------|:----------------|:------------|:-----------|:-----------|
|  0 | december 31     | $ 25.84     | $ 21.50    | $ .455          | $ 24.80     | $ 22.00    | $ .45      |
|  1 | september 30    | 28.88       | 21.40      | .455            | 26.17       | 21.60      | .45        |
|  2 | june 30         | 28.95       | 25.46      | .450            | 24.99       | 22.00      | .43        |
|  3 | march 31        | 26.50       | 22.92      | .450            | 25.44       | 21.85      | .43        |","market price and dividends d u k e r e a l t y c o r p o r a t i o n 3 8 2 0 0 2 a n n u a l r e p o r t the company 2019s common shares are listed for trading on the new york stock exchange , symbol dre .
the following table sets forth the high and low sales prices of the common stock for the periods indicated and the dividend paid per share during each such period .
comparable cash dividends are expected in the future .
on january 29 , 2003 , the company declared a quarterly cash dividend of $ .455 per share , payable on february 28 , 2003 , to common shareholders of record on february 14 , 2003. .",.,pdf/DRE/2002/page_40.pdf,Duke Realty Corporation,DRE,2002,40,Real Estate,Industrial REITs,"Indianapolis, IN",783280,1972,data/FinQA/dev/pdf/DRE/2002/page_40.pdf
finqa_dev_578,finqa_dev_ctx_170,dev,"What was the lowest amount of research and development credit net for Apple Inc. in the years 2003, 2004, and 2005, as reported in the notes to consolidated financial statements for 2005, in millions?",-26.0,-26,"notes to consolidated financial statements ( continued ) note 6 2014income taxes ( continued ) a reconciliation of the provision for income taxes , with the amount computed by applying the statutory federal income tax rate ( 35% ( 35 % ) in 2005 , 2004 , and 2003 ) to income before provision for income taxes , is as follows ( in millions ) : ._|    |                                                        | 2005         | 2004         | 2003         |
|---:|:-------------------------------------------------------|:-------------|:-------------|:-------------|
|  0 | computed expected tax                                  | $ 636        | $ 134        | $ 32         |
|  1 | state taxes net of federal effect                      | -19 ( 19 )   | -5 ( 5 )     | -4 ( 4 )     |
|  2 | indefinitely invested earnings of foreign subsidiaries | -98 ( 98 )   | -31 ( 31 )   | -13 ( 13 )   |
|  3 | nondeductible executive compensation                   | 11           | 10           | 5            |
|  4 | research and development credit net                    | -26 ( 26 )   | -5 ( 5 )     | -7 ( 7 )     |
|  5 | other items                                            | -24 ( 24 )   | 4            | 11           |
|  6 | provision for income taxes                             | $ 480        | $ 107        | $ 24         |
|  7 | effective tax rate                                     | 26% ( 26 % ) | 28% ( 28 % ) | 26% ( 26 % ) |_during 2005 , the company reversed certain tax contingency reserves and recorded a corresponding benefit to income tax expense primarily as a result of a change in the estimated outcome of certain tax disputes .
additionally , during the fourth quarter of 2005 , the company recorded a benefit to tax expense to adjust its net deferred tax assets as a result of the company 2019s year-end review of its deferred tax accounts , the impact of which was not material to the current or prior periods 2019 results of operations .
the total benefit to income tax expense from the reversal of these tax contingency reserves and adjustments to net deferred tax assets was $ 67 million .
the company also recorded a $ 14 million credit to income tax expense resulting from a reduction of the valuation allowance .
the internal revenue service ( irs ) has completed its field audit of the company 2019s federal income tax returns for all years prior to 2002 and proposed certain adjustments .
certain of these adjustments are being contested through the irs appeals office .
substantially all irs audit issues for these years have been resolved .
in addition , the company is also subject to audits by state , local , and foreign tax authorities .
management believes that adequate provisions have been made for any adjustments that may result from tax examinations .
however , the outcome of tax audits cannot be predicted with certainty .
should any issues addressed in the company 2019s tax audits be resolved in a manner not consistent with management 2019s expectations , the company could be required to adjust its provision for income tax in the period such resolution occurs .
note 7 2014shareholders 2019 equity preferred stock the company has 5 million shares of authorized preferred stock , none of which is outstanding .
under the terms of the company 2019s restated articles of incorporation , the board of directors is authorized to determine or alter the rights , preferences , privileges and restrictions of the company 2019s authorized but unissued shares of preferred stock. .","|    |                                                        | 2005         | 2004         | 2003         |
|---:|:-------------------------------------------------------|:-------------|:-------------|:-------------|
|  0 | computed expected tax                                  | $ 636        | $ 134        | $ 32         |
|  1 | state taxes net of federal effect                      | -19 ( 19 )   | -5 ( 5 )     | -4 ( 4 )     |
|  2 | indefinitely invested earnings of foreign subsidiaries | -98 ( 98 )   | -31 ( 31 )   | -13 ( 13 )   |
|  3 | nondeductible executive compensation                   | 11           | 10           | 5            |
|  4 | research and development credit net                    | -26 ( 26 )   | -5 ( 5 )     | -7 ( 7 )     |
|  5 | other items                                            | -24 ( 24 )   | 4            | 11           |
|  6 | provision for income taxes                             | $ 480        | $ 107        | $ 24         |
|  7 | effective tax rate                                     | 26% ( 26 % ) | 28% ( 28 % ) | 26% ( 26 % ) |","notes to consolidated financial statements ( continued ) note 6 2014income taxes ( continued ) a reconciliation of the provision for income taxes , with the amount computed by applying the statutory federal income tax rate ( 35% ( 35 % ) in 2005 , 2004 , and 2003 ) to income before provision for income taxes , is as follows ( in millions ) : .","during 2005 , the company reversed certain tax contingency reserves and recorded a corresponding benefit to income tax expense primarily as a result of a change in the estimated outcome of certain tax disputes .
additionally , during the fourth quarter of 2005 , the company recorded a benefit to tax expense to adjust its net deferred tax assets as a result of the company 2019s year-end review of its deferred tax accounts , the impact of which was not material to the current or prior periods 2019 results of operations .
the total benefit to income tax expense from the reversal of these tax contingency reserves and adjustments to net deferred tax assets was $ 67 million .
the company also recorded a $ 14 million credit to income tax expense resulting from a reduction of the valuation allowance .
the internal revenue service ( irs ) has completed its field audit of the company 2019s federal income tax returns for all years prior to 2002 and proposed certain adjustments .
certain of these adjustments are being contested through the irs appeals office .
substantially all irs audit issues for these years have been resolved .
in addition , the company is also subject to audits by state , local , and foreign tax authorities .
management believes that adequate provisions have been made for any adjustments that may result from tax examinations .
however , the outcome of tax audits cannot be predicted with certainty .
should any issues addressed in the company 2019s tax audits be resolved in a manner not consistent with management 2019s expectations , the company could be required to adjust its provision for income tax in the period such resolution occurs .
note 7 2014shareholders 2019 equity preferred stock the company has 5 million shares of authorized preferred stock , none of which is outstanding .
under the terms of the company 2019s restated articles of incorporation , the board of directors is authorized to determine or alter the rights , preferences , privileges and restrictions of the company 2019s authorized but unissued shares of preferred stock. .",pdf/AAPL/2005/page_83.pdf,Apple Inc.,AAPL,2005,83,Information Technology,"Technology Hardware, Storage & Peripherals","Cupertino, California",320193,1977,data/FinQA/dev/pdf/AAPL/2005/page_83.pdf
finqa_dev_579,finqa_dev_ctx_147,dev,By how much did Marathon Oil's contingent rental liability decrease from 2007 to 2009 in terms of percentage?,-0.42424242424242425,-42.4%,"marathon oil corporation notes to consolidated financial statements of the $ 446 million present value of net minimum capital lease payments , $ 53 million was related to obligations assumed by united states steel under the financial matters agreement .
operating lease rental expense was : ( in millions ) 2009 2008 2007 minimum rental ( a ) $ 238 $ 245 $ 209 ._|    | ( in millions )      | 2009   | 2008   | 2007   |
|---:|:---------------------|:-------|:-------|:-------|
|  0 | minimum rental ( a ) | $ 238  | $ 245  | $ 209  |
|  1 | contingent rental    | 19     | 22     | 33     |
|  2 | net rental expense   | $ 257  | $ 267  | $ 242  |_( a ) excludes $ 3 million , $ 5 million and $ 8 million paid by united states steel in 2009 , 2008 and 2007 on assumed leases .
26 .
commitments and contingencies we are the subject of , or party to , a number of pending or threatened legal actions , contingencies and commitments involving a variety of matters , including laws and regulations relating to the environment .
certain of these matters are discussed below .
the ultimate resolution of these contingencies could , individually or in the aggregate , be material to our consolidated financial statements .
however , management believes that we will remain a viable and competitive enterprise even though it is possible that these contingencies could be resolved unfavorably .
environmental matters 2013 we are subject to federal , state , local and foreign laws and regulations relating to the environment .
these laws generally provide for control of pollutants released into the environment and require responsible parties to undertake remediation of hazardous waste disposal sites .
penalties may be imposed for noncompliance .
at december 31 , 2009 and 2008 , accrued liabilities for remediation totaled $ 116 million and $ 111 million .
it is not presently possible to estimate the ultimate amount of all remediation costs that might be incurred or the penalties that may be imposed .
receivables for recoverable costs from certain states , under programs to assist companies in clean-up efforts related to underground storage tanks at retail marketing outlets , were $ 59 and $ 60 million at december 31 , 2009 and 2008 .
legal cases 2013 we , along with other refining companies , settled a number of lawsuits pertaining to methyl tertiary-butyl ether ( 201cmtbe 201d ) in 2008 .
presently , we are a defendant , along with other refining companies , in 27 cases arising in four states alleging damages for mtbe contamination .
like the cases that we settled in 2008 , 12 of the remaining cases are consolidated in a multi-district litigation ( 201cmdl 201d ) in the southern district of new york for pretrial proceedings .
the other 15 cases are in new york state courts ( nassau and suffolk counties ) .
plaintiffs in 26 of the 27 cases allege damages to water supply wells from contamination of groundwater by mtbe , similar to the damages claimed in the cases settled in 2008 .
in the remaining case , the new jersey department of environmental protection is seeking the cost of remediating mtbe contamination and natural resources damages allegedly resulting from contamination of groundwater by mtbe .
we are vigorously defending these cases .
we have engaged in settlement discussions related to the majority of these cases .
we do not expect our share of liability for these cases to significantly impact our consolidated results of operations , financial position or cash flows .
we voluntarily discontinued producing mtbe in 2002 .
we are currently a party to one qui tam case , which alleges that marathon and other defendants violated the false claims act with respect to the reporting and payment of royalties on natural gas and natural gas liquids for federal and indian leases .
a qui tam action is an action in which the relator files suit on behalf of himself as well as the federal government .
the case currently pending is u.s .
ex rel harrold e .
wright v .
agip petroleum co .
et al .
it is primarily a gas valuation case .
marathon has reached a settlement with the relator and the doj which will be finalized after the indian tribes review and approve the settlement terms .
such settlement is not expected to significantly impact our consolidated results of operations , financial position or cash flows .
guarantees 2013 we have provided certain guarantees , direct and indirect , of the indebtedness of other companies .
under the terms of most of these guarantee arrangements , we would be required to perform should the guaranteed party fail to fulfill its obligations under the specified arrangements .
in addition to these financial guarantees , we also have various performance guarantees related to specific agreements. .","|    | ( in millions )      | 2009   | 2008   | 2007   |
|---:|:---------------------|:-------|:-------|:-------|
|  0 | minimum rental ( a ) | $ 238  | $ 245  | $ 209  |
|  1 | contingent rental    | 19     | 22     | 33     |
|  2 | net rental expense   | $ 257  | $ 267  | $ 242  |","marathon oil corporation notes to consolidated financial statements of the $ 446 million present value of net minimum capital lease payments , $ 53 million was related to obligations assumed by united states steel under the financial matters agreement .
operating lease rental expense was : ( in millions ) 2009 2008 2007 minimum rental ( a ) $ 238 $ 245 $ 209 .","( a ) excludes $ 3 million , $ 5 million and $ 8 million paid by united states steel in 2009 , 2008 and 2007 on assumed leases .
26 .
commitments and contingencies we are the subject of , or party to , a number of pending or threatened legal actions , contingencies and commitments involving a variety of matters , including laws and regulations relating to the environment .
certain of these matters are discussed below .
the ultimate resolution of these contingencies could , individually or in the aggregate , be material to our consolidated financial statements .
however , management believes that we will remain a viable and competitive enterprise even though it is possible that these contingencies could be resolved unfavorably .
environmental matters 2013 we are subject to federal , state , local and foreign laws and regulations relating to the environment .
these laws generally provide for control of pollutants released into the environment and require responsible parties to undertake remediation of hazardous waste disposal sites .
penalties may be imposed for noncompliance .
at december 31 , 2009 and 2008 , accrued liabilities for remediation totaled $ 116 million and $ 111 million .
it is not presently possible to estimate the ultimate amount of all remediation costs that might be incurred or the penalties that may be imposed .
receivables for recoverable costs from certain states , under programs to assist companies in clean-up efforts related to underground storage tanks at retail marketing outlets , were $ 59 and $ 60 million at december 31 , 2009 and 2008 .
legal cases 2013 we , along with other refining companies , settled a number of lawsuits pertaining to methyl tertiary-butyl ether ( 201cmtbe 201d ) in 2008 .
presently , we are a defendant , along with other refining companies , in 27 cases arising in four states alleging damages for mtbe contamination .
like the cases that we settled in 2008 , 12 of the remaining cases are consolidated in a multi-district litigation ( 201cmdl 201d ) in the southern district of new york for pretrial proceedings .
the other 15 cases are in new york state courts ( nassau and suffolk counties ) .
plaintiffs in 26 of the 27 cases allege damages to water supply wells from contamination of groundwater by mtbe , similar to the damages claimed in the cases settled in 2008 .
in the remaining case , the new jersey department of environmental protection is seeking the cost of remediating mtbe contamination and natural resources damages allegedly resulting from contamination of groundwater by mtbe .
we are vigorously defending these cases .
we have engaged in settlement discussions related to the majority of these cases .
we do not expect our share of liability for these cases to significantly impact our consolidated results of operations , financial position or cash flows .
we voluntarily discontinued producing mtbe in 2002 .
we are currently a party to one qui tam case , which alleges that marathon and other defendants violated the false claims act with respect to the reporting and payment of royalties on natural gas and natural gas liquids for federal and indian leases .
a qui tam action is an action in which the relator files suit on behalf of himself as well as the federal government .
the case currently pending is u.s .
ex rel harrold e .
wright v .
agip petroleum co .
et al .
it is primarily a gas valuation case .
marathon has reached a settlement with the relator and the doj which will be finalized after the indian tribes review and approve the settlement terms .
such settlement is not expected to significantly impact our consolidated results of operations , financial position or cash flows .
guarantees 2013 we have provided certain guarantees , direct and indirect , of the indebtedness of other companies .
under the terms of most of these guarantee arrangements , we would be required to perform should the guaranteed party fail to fulfill its obligations under the specified arrangements .
in addition to these financial guarantees , we also have various performance guarantees related to specific agreements. .",pdf/MRO/2009/page_139.pdf,Marathon Oil,MRO,2009,139,Energy,Oil & Gas Exploration & Production,"Houston, Texas",101778,1887,data/FinQA/dev/pdf/MRO/2009/page_139.pdf
finqa_dev_58,finqa_dev_ctx_261,dev,"As of December 31, 2006, what is the ratio of the expected future pension benefits after 2012 to those in 2008 for Lockheed Martin?",6.395973154362416,6.4,"the defined benefit pension plans 2019 trust and $ 130 million to our retiree medical plans which will reduce our cash funding requirements for 2007 and 2008 .
in 2007 , we expect to make no contributions to the defined benefit pension plans and expect to contribute $ 175 million to the retiree medical and life insurance plans , after giving consideration to the 2006 prepayments .
the following benefit payments , which reflect expected future service , as appropriate , are expected to be paid : ( in millions ) pension benefits benefits ._|    | ( in millions )      | pensionbenefits   | otherbenefits   |
|---:|:---------------------|:------------------|:----------------|
|  0 | 2007                 | $ 1440            | $ 260           |
|  1 | 2008                 | 1490              | 260             |
|  2 | 2009                 | 1540              | 270             |
|  3 | 2010                 | 1600              | 270             |
|  4 | 2011                 | 1660              | 270             |
|  5 | years 2012 2013 2016 | 9530              | 1260            |_as noted previously , we also sponsor nonqualified defined benefit plans to provide benefits in excess of qualified plan limits .
the aggregate liabilities for these plans at december 31 , 2006 were $ 641 million .
the expense associated with these plans totaled $ 59 million in 2006 , $ 58 million in 2005 and $ 61 million in 2004 .
we also sponsor a small number of foreign benefit plans .
the liabilities and expenses associated with these plans are not material to our results of operations , financial position or cash flows .
note 13 2013 leases our total rental expense under operating leases was $ 310 million , $ 324 million and $ 318 million for 2006 , 2005 and 2004 , respectively .
future minimum lease commitments at december 31 , 2006 for all operating leases that have a remaining term of more than one year were $ 1.1 billion ( $ 288 million in 2007 , $ 254 million in 2008 , $ 211 million in 2009 , $ 153 million in 2010 , $ 118 million in 2011 and $ 121 million in later years ) .
certain major plant facilities and equipment are furnished by the u.s .
government under short-term or cancelable arrangements .
note 14 2013 legal proceedings , commitments and contingencies we are a party to or have property subject to litigation and other proceedings , including matters arising under provisions relating to the protection of the environment .
we believe the probability is remote that the outcome of these matters will have a material adverse effect on the corporation as a whole .
we cannot predict the outcome of legal proceedings with certainty .
these matters include the following items , all of which have been previously reported : on march 27 , 2006 , we received a subpoena issued by a grand jury in the united states district court for the northern district of ohio .
the subpoena requests documents related to our application for patents issued in the united states and the united kingdom relating to a missile detection and warning technology .
we are cooperating with the government 2019s investigation .
on february 6 , 2004 , we submitted a certified contract claim to the united states requesting contractual indemnity for remediation and litigation costs ( past and future ) related to our former facility in redlands , california .
we submitted the claim consistent with a claim sponsorship agreement with the boeing company ( boeing ) , executed in 2001 , in boeing 2019s role as the prime contractor on the short range attack missile ( sram ) program .
the contract for the sram program , which formed a significant portion of our work at the redlands facility , had special contractual indemnities from the u.s .
air force , as authorized by public law 85-804 .
on august 31 , 2004 , the united states denied the claim .
our appeal of that decision is pending with the armed services board of contract appeals .
on august 28 , 2003 , the department of justice ( the doj ) filed complaints in partial intervention in two lawsuits filed under the qui tam provisions of the civil false claims act in the united states district court for the western district of kentucky , united states ex rel .
natural resources defense council , et al v .
lockheed martin corporation , et al , and united states ex rel .
john d .
tillson v .
lockheed martin energy systems , inc. , et al .
the doj alleges that we committed violations of the resource conservation and recovery act at the paducah gaseous diffusion plant by not properly handling , storing .","|    | ( in millions )      | pensionbenefits   | otherbenefits   |
|---:|:---------------------|:------------------|:----------------|
|  0 | 2007                 | $ 1440            | $ 260           |
|  1 | 2008                 | 1490              | 260             |
|  2 | 2009                 | 1540              | 270             |
|  3 | 2010                 | 1600              | 270             |
|  4 | 2011                 | 1660              | 270             |
|  5 | years 2012 2013 2016 | 9530              | 1260            |","the defined benefit pension plans 2019 trust and $ 130 million to our retiree medical plans which will reduce our cash funding requirements for 2007 and 2008 .
in 2007 , we expect to make no contributions to the defined benefit pension plans and expect to contribute $ 175 million to the retiree medical and life insurance plans , after giving consideration to the 2006 prepayments .
the following benefit payments , which reflect expected future service , as appropriate , are expected to be paid : ( in millions ) pension benefits benefits .","as noted previously , we also sponsor nonqualified defined benefit plans to provide benefits in excess of qualified plan limits .
the aggregate liabilities for these plans at december 31 , 2006 were $ 641 million .
the expense associated with these plans totaled $ 59 million in 2006 , $ 58 million in 2005 and $ 61 million in 2004 .
we also sponsor a small number of foreign benefit plans .
the liabilities and expenses associated with these plans are not material to our results of operations , financial position or cash flows .
note 13 2013 leases our total rental expense under operating leases was $ 310 million , $ 324 million and $ 318 million for 2006 , 2005 and 2004 , respectively .
future minimum lease commitments at december 31 , 2006 for all operating leases that have a remaining term of more than one year were $ 1.1 billion ( $ 288 million in 2007 , $ 254 million in 2008 , $ 211 million in 2009 , $ 153 million in 2010 , $ 118 million in 2011 and $ 121 million in later years ) .
certain major plant facilities and equipment are furnished by the u.s .
government under short-term or cancelable arrangements .
note 14 2013 legal proceedings , commitments and contingencies we are a party to or have property subject to litigation and other proceedings , including matters arising under provisions relating to the protection of the environment .
we believe the probability is remote that the outcome of these matters will have a material adverse effect on the corporation as a whole .
we cannot predict the outcome of legal proceedings with certainty .
these matters include the following items , all of which have been previously reported : on march 27 , 2006 , we received a subpoena issued by a grand jury in the united states district court for the northern district of ohio .
the subpoena requests documents related to our application for patents issued in the united states and the united kingdom relating to a missile detection and warning technology .
we are cooperating with the government 2019s investigation .
on february 6 , 2004 , we submitted a certified contract claim to the united states requesting contractual indemnity for remediation and litigation costs ( past and future ) related to our former facility in redlands , california .
we submitted the claim consistent with a claim sponsorship agreement with the boeing company ( boeing ) , executed in 2001 , in boeing 2019s role as the prime contractor on the short range attack missile ( sram ) program .
the contract for the sram program , which formed a significant portion of our work at the redlands facility , had special contractual indemnities from the u.s .
air force , as authorized by public law 85-804 .
on august 31 , 2004 , the united states denied the claim .
our appeal of that decision is pending with the armed services board of contract appeals .
on august 28 , 2003 , the department of justice ( the doj ) filed complaints in partial intervention in two lawsuits filed under the qui tam provisions of the civil false claims act in the united states district court for the western district of kentucky , united states ex rel .
natural resources defense council , et al v .
lockheed martin corporation , et al , and united states ex rel .
john d .
tillson v .
lockheed martin energy systems , inc. , et al .
the doj alleges that we committed violations of the resource conservation and recovery act at the paducah gaseous diffusion plant by not properly handling , storing .",pdf/LMT/2006/page_90.pdf,Lockheed Martin,LMT,2006,90,Industrials,Aerospace & Defense,"Bethesda, Maryland",936468,1995,data/FinQA/dev/pdf/LMT/2006/page_90.pdf
finqa_dev_592,finqa_dev_ctx_38,dev,"What was the number of shares outstanding as of December 31, 2007, for Ventas, a real estate company, according to its 2007 annual report?",138297141.0,,"as of february 15 , 2008 , there were 138311810 shares of our common stock outstanding held by approximately 2979 stockholders of record .
dividends and distributions we pay regular quarterly dividends to holders of our common stock .
on february 13 , 2008 , our board of directors declared the first quarterly installment of our 2008 dividend in the amount of $ 0.5125 per share , payable on march 28 , 2008 to stockholders of record on march 6 , 2008 .
we expect to distribute 100% ( 100 % ) or more of our taxable net income to our stockholders for 2008 .
our board of directors normally makes decisions regarding the frequency and amount of our dividends on a quarterly basis .
because the board considers a number of factors when making these decisions , we cannot assure you that we will maintain the policy stated above .
please see 201ccautionary statements 201d and the risk factors included in part i , item 1a of this annual report on form 10-k for a description of other factors that may affect our distribution policy .
our stockholders may reinvest all or a portion of any cash distribution on their shares of our common stock by participating in our distribution reinvestment and stock purchase plan , subject to the terms of the plan .
see 201cnote 16 2014capital stock 201d of the notes to consolidated financial statements included in part ii , item 8 of this annual report on form 10-k .
director and employee stock sales certain of our directors , executive officers and other employees have adopted and may , from time to time in the future , adopt non-discretionary , written trading plans that comply with rule 10b5-1 under the exchange act , or otherwise monetize their equity-based compensation .
stock repurchases the table below summarizes repurchases of our common stock made during the quarter ended december 31 , 2007 : number of shares repurchased ( 1 ) average price per ._|    |                                |   number of shares repurchased ( 1 ) | average price per share   |
|---:|:-------------------------------|-------------------------------------:|:--------------------------|
|  0 | october 1 through october 31   |                                 2014 | 2014                      |
|  1 | november 1 through november 30 |                                 2014 | 2014                      |
|  2 | december 1 through december 31 |                                14669 | $ 43.89                   |_( 1 ) repurchases represent shares withheld to pay taxes on the vesting of restricted stock granted to employees. .","|    |                                |   number of shares repurchased ( 1 ) | average price per share   |
|---:|:-------------------------------|-------------------------------------:|:--------------------------|
|  0 | october 1 through october 31   |                                 2014 | 2014                      |
|  1 | november 1 through november 30 |                                 2014 | 2014                      |
|  2 | december 1 through december 31 |                                14669 | $ 43.89                   |","as of february 15 , 2008 , there were 138311810 shares of our common stock outstanding held by approximately 2979 stockholders of record .
dividends and distributions we pay regular quarterly dividends to holders of our common stock .
on february 13 , 2008 , our board of directors declared the first quarterly installment of our 2008 dividend in the amount of $ 0.5125 per share , payable on march 28 , 2008 to stockholders of record on march 6 , 2008 .
we expect to distribute 100% ( 100 % ) or more of our taxable net income to our stockholders for 2008 .
our board of directors normally makes decisions regarding the frequency and amount of our dividends on a quarterly basis .
because the board considers a number of factors when making these decisions , we cannot assure you that we will maintain the policy stated above .
please see 201ccautionary statements 201d and the risk factors included in part i , item 1a of this annual report on form 10-k for a description of other factors that may affect our distribution policy .
our stockholders may reinvest all or a portion of any cash distribution on their shares of our common stock by participating in our distribution reinvestment and stock purchase plan , subject to the terms of the plan .
see 201cnote 16 2014capital stock 201d of the notes to consolidated financial statements included in part ii , item 8 of this annual report on form 10-k .
director and employee stock sales certain of our directors , executive officers and other employees have adopted and may , from time to time in the future , adopt non-discretionary , written trading plans that comply with rule 10b5-1 under the exchange act , or otherwise monetize their equity-based compensation .
stock repurchases the table below summarizes repurchases of our common stock made during the quarter ended december 31 , 2007 : number of shares repurchased ( 1 ) average price per .",( 1 ) repurchases represent shares withheld to pay taxes on the vesting of restricted stock granted to employees. .,pdf/VTR/2007/page_47.pdf,Ventas,VTR,2007,47,Real Estate,Health Care REITs,"Chicago, Illinois",740260,1998,data/FinQA/dev/pdf/VTR/2007/page_47.pdf
finqa_dev_623,finqa_dev_ctx_172,dev,"What is the percentage decrease in the total liability of the Interpublic Group of Companies from December 31, 2007, to December 31, 2008, as reported in the 2008 consolidated financial statements?",56.75675675675676,56.75%,"notes to consolidated financial statements 2014 ( continued ) ( amounts in millions , except per share amounts ) a summary of the remaining liability for the 2007 , 2003 and 2001 restructuring programs is as follows : program program program total ._|    |                                           | 2007 program   | 2003 program   | 2001 program   | total          |
|---:|:------------------------------------------|:---------------|:---------------|:---------------|:---------------|
|  0 | liability at december 31 2006             | $ 2014         | $ 12.6         | $ 19.2         | $ 31.8         |
|  1 | net charges ( reversals ) and adjustments | 19.1           | -0.5 ( 0.5 )   | -5.2 ( 5.2 )   | 13.4           |
|  2 | payments and other1                       | -7.2 ( 7.2 )   | -3.1 ( 3.1 )   | -5.3 ( 5.3 )   | -15.6 ( 15.6 ) |
|  3 | liability at december 31 2007             | $ 11.9         | $ 9.0          | $ 8.7          | $ 29.6         |
|  4 | net charges and adjustments               | 4.3            | 0.8            | 0.7            | 5.8            |
|  5 | payments and other1                       | -15.0 ( 15.0 ) | -4.1 ( 4.1 )   | -3.5 ( 3.5 )   | -22.6 ( 22.6 ) |
|  6 | liability at december 31 2008             | $ 1.2          | $ 5.7          | $ 5.9          | $ 12.8         |_1 includes amounts representing adjustments to the liability for changes in foreign currency exchange rates .
other reorganization-related charges other reorganization-related charges relate to our realignment of our media businesses into a newly created management entity called mediabrands and the 2006 merger of draft worldwide and foote , cone and belding worldwide to create draftfcb .
charges related to severance and terminations costs and lease termination and other exit costs .
we expect charges associated with mediabrands to be completed during the first half of 2009 .
charges related to the creation of draftfcb in 2006 are complete .
the charges were separated from the rest of our operating expenses within the consolidated statements of operations because they did not result from charges that occurred in the normal course of business. .","|    |                                           | 2007 program   | 2003 program   | 2001 program   | total          |
|---:|:------------------------------------------|:---------------|:---------------|:---------------|:---------------|
|  0 | liability at december 31 2006             | $ 2014         | $ 12.6         | $ 19.2         | $ 31.8         |
|  1 | net charges ( reversals ) and adjustments | 19.1           | -0.5 ( 0.5 )   | -5.2 ( 5.2 )   | 13.4           |
|  2 | payments and other1                       | -7.2 ( 7.2 )   | -3.1 ( 3.1 )   | -5.3 ( 5.3 )   | -15.6 ( 15.6 ) |
|  3 | liability at december 31 2007             | $ 11.9         | $ 9.0          | $ 8.7          | $ 29.6         |
|  4 | net charges and adjustments               | 4.3            | 0.8            | 0.7            | 5.8            |
|  5 | payments and other1                       | -15.0 ( 15.0 ) | -4.1 ( 4.1 )   | -3.5 ( 3.5 )   | -22.6 ( 22.6 ) |
|  6 | liability at december 31 2008             | $ 1.2          | $ 5.7          | $ 5.9          | $ 12.8         |","notes to consolidated financial statements 2014 ( continued ) ( amounts in millions , except per share amounts ) a summary of the remaining liability for the 2007 , 2003 and 2001 restructuring programs is as follows : program program program total .","1 includes amounts representing adjustments to the liability for changes in foreign currency exchange rates .
other reorganization-related charges other reorganization-related charges relate to our realignment of our media businesses into a newly created management entity called mediabrands and the 2006 merger of draft worldwide and foote , cone and belding worldwide to create draftfcb .
charges related to severance and terminations costs and lease termination and other exit costs .
we expect charges associated with mediabrands to be completed during the first half of 2009 .
charges related to the creation of draftfcb in 2006 are complete .
the charges were separated from the rest of our operating expenses within the consolidated statements of operations because they did not result from charges that occurred in the normal course of business. .",pdf/IPG/2008/page_62.pdf,Interpublic Group of Companies (The),IPG,2008,62,Communication Services,Advertising,"New York City, New York",51644,1961 (1930),data/FinQA/dev/pdf/IPG/2008/page_62.pdf
finqa_dev_638,finqa_dev_ctx_254,dev,"If the US SBU's revenue is excluded, what would be the total revenue for the year ended December 31, 2017, for the AES Corporation?",7301000000.0,7304000000,"the aes corporation notes to consolidated financial statements 2014 ( continued ) december 31 , 2017 , 2016 , and 2015 on december 8 , 2017 , the board of directors declared a quarterly common stock dividend of $ 0.13 per share payable on february 15 , 2018 to shareholders of record at the close of business on february 1 , 2018 .
stock repurchase program 2014 no shares were repurchased in 2017 .
the cumulative repurchases from the commencement of the program in july 2010 through december 31 , 2017 totaled 154.3 million shares for a total cost of $ 1.9 billion , at an average price per share of $ 12.12 ( including a nominal amount of commissions ) .
as of december 31 , 2017 , $ 246 million remained available for repurchase under the program .
the common stock repurchased has been classified as treasury stock and accounted for using the cost method .
a total of 155924785 and 156878891 shares were held as treasury stock at december 31 , 2017 and 2016 , respectively .
restricted stock units under the company's employee benefit plans are issued from treasury stock .
the company has not retired any common stock repurchased since it began the program in july 2010 .
15 .
segments and geographic information the segment reporting structure uses the company's organizational structure as its foundation to reflect how the company manages the businesses internally and is organized by geographic regions which provides a socio- political-economic understanding of our business .
during the third quarter of 2017 , the europe and asia sbus were merged in order to leverage scale and are now reported as part of the eurasia sbu .
the management reporting structure is organized by five sbus led by our president and chief executive officer : us , andes , brazil , mcac and eurasia sbus .
the company determined that it has five operating and five reportable segments corresponding to its sbus .
all prior period results have been retrospectively revised to reflect the new segment reporting structure .
in february 2018 , we announced a reorganization as a part of our ongoing strategy to simplify our portfolio , optimize our cost structure , and reduce our carbon intensity .
the company is currently evaluating the impact this reorganization will have on our segment reporting structure .
corporate and other 2014 corporate overhead costs which are not directly associated with the operations of our five reportable segments are included in ""corporate and other."" also included are certain intercompany charges such as self-insurance premiums which are fully eliminated in consolidation .
the company uses adjusted ptc as its primary segment performance measure .
adjusted ptc , a non-gaap measure , is defined by the company as pre-tax income from continuing operations attributable to the aes corporation excluding gains or losses of the consolidated entity due to ( a ) unrealized gains or losses related to derivative transactions ; ( b ) unrealized foreign currency gains or losses ; ( c ) gains , losses and associated benefits and costs due to dispositions and acquisitions of business interests , including early plant closures ; ( d ) losses due to impairments ; ( e ) gains , losses and costs due to the early retirement of debt ; and ( f ) costs directly associated with a major restructuring program , including , but not limited to , workforce reduction efforts , relocations , and office consolidation .
adjusted ptc also includes net equity in earnings of affiliates on an after-tax basis adjusted for the same gains or losses excluded from consolidated entities .
the company has concluded adjusted ptc better reflects the underlying business performance of the company and is the most relevant measure considered in the company's internal evaluation of the financial performance of its segments .
additionally , given its large number of businesses and complexity , the company concluded that adjusted ptc is a more transparent measure that better assists investors in determining which businesses have the greatest impact on the company's results .
revenue and adjusted ptc are presented before inter-segment eliminations , which includes the effect of intercompany transactions with other segments except for interest , charges for certain management fees , and the write-off of intercompany balances , as applicable .
all intra-segment activity has been eliminated within the segment .
inter-segment activity has been eliminated within the total consolidated results .
the following tables present financial information by segment for the periods indicated ( in millions ) : ._|    | year ended december 31,   | total revenue 2017   | total revenue 2016   | total revenue 2015   |
|---:|:--------------------------|:---------------------|:---------------------|:---------------------|
|  0 | us sbu                    | $ 3229               | $ 3429               | $ 3593               |
|  1 | andes sbu                 | 2710                 | 2506                 | 2489                 |
|  2 | brazil sbu                | 542                  | 450                  | 962                  |
|  3 | mcac sbu                  | 2448                 | 2172                 | 2353                 |
|  4 | eurasia sbu               | 1590                 | 1670                 | 1875                 |
|  5 | corporate and other       | 35                   | 77                   | 31                   |
|  6 | eliminations              | -24 ( 24 )           | -23 ( 23 )           | -43 ( 43 )           |
|  7 | total revenue             | $ 10530              | $ 10281              | $ 11260              |_.","|    | year ended december 31,   | total revenue 2017   | total revenue 2016   | total revenue 2015   |
|---:|:--------------------------|:---------------------|:---------------------|:---------------------|
|  0 | us sbu                    | $ 3229               | $ 3429               | $ 3593               |
|  1 | andes sbu                 | 2710                 | 2506                 | 2489                 |
|  2 | brazil sbu                | 542                  | 450                  | 962                  |
|  3 | mcac sbu                  | 2448                 | 2172                 | 2353                 |
|  4 | eurasia sbu               | 1590                 | 1670                 | 1875                 |
|  5 | corporate and other       | 35                   | 77                   | 31                   |
|  6 | eliminations              | -24 ( 24 )           | -23 ( 23 )           | -43 ( 43 )           |
|  7 | total revenue             | $ 10530              | $ 10281              | $ 11260              |","the aes corporation notes to consolidated financial statements 2014 ( continued ) december 31 , 2017 , 2016 , and 2015 on december 8 , 2017 , the board of directors declared a quarterly common stock dividend of $ 0.13 per share payable on february 15 , 2018 to shareholders of record at the close of business on february 1 , 2018 .
stock repurchase program 2014 no shares were repurchased in 2017 .
the cumulative repurchases from the commencement of the program in july 2010 through december 31 , 2017 totaled 154.3 million shares for a total cost of $ 1.9 billion , at an average price per share of $ 12.12 ( including a nominal amount of commissions ) .
as of december 31 , 2017 , $ 246 million remained available for repurchase under the program .
the common stock repurchased has been classified as treasury stock and accounted for using the cost method .
a total of 155924785 and 156878891 shares were held as treasury stock at december 31 , 2017 and 2016 , respectively .
restricted stock units under the company's employee benefit plans are issued from treasury stock .
the company has not retired any common stock repurchased since it began the program in july 2010 .
15 .
segments and geographic information the segment reporting structure uses the company's organizational structure as its foundation to reflect how the company manages the businesses internally and is organized by geographic regions which provides a socio- political-economic understanding of our business .
during the third quarter of 2017 , the europe and asia sbus were merged in order to leverage scale and are now reported as part of the eurasia sbu .
the management reporting structure is organized by five sbus led by our president and chief executive officer : us , andes , brazil , mcac and eurasia sbus .
the company determined that it has five operating and five reportable segments corresponding to its sbus .
all prior period results have been retrospectively revised to reflect the new segment reporting structure .
in february 2018 , we announced a reorganization as a part of our ongoing strategy to simplify our portfolio , optimize our cost structure , and reduce our carbon intensity .
the company is currently evaluating the impact this reorganization will have on our segment reporting structure .
corporate and other 2014 corporate overhead costs which are not directly associated with the operations of our five reportable segments are included in ""corporate and other."" also included are certain intercompany charges such as self-insurance premiums which are fully eliminated in consolidation .
the company uses adjusted ptc as its primary segment performance measure .
adjusted ptc , a non-gaap measure , is defined by the company as pre-tax income from continuing operations attributable to the aes corporation excluding gains or losses of the consolidated entity due to ( a ) unrealized gains or losses related to derivative transactions ; ( b ) unrealized foreign currency gains or losses ; ( c ) gains , losses and associated benefits and costs due to dispositions and acquisitions of business interests , including early plant closures ; ( d ) losses due to impairments ; ( e ) gains , losses and costs due to the early retirement of debt ; and ( f ) costs directly associated with a major restructuring program , including , but not limited to , workforce reduction efforts , relocations , and office consolidation .
adjusted ptc also includes net equity in earnings of affiliates on an after-tax basis adjusted for the same gains or losses excluded from consolidated entities .
the company has concluded adjusted ptc better reflects the underlying business performance of the company and is the most relevant measure considered in the company's internal evaluation of the financial performance of its segments .
additionally , given its large number of businesses and complexity , the company concluded that adjusted ptc is a more transparent measure that better assists investors in determining which businesses have the greatest impact on the company's results .
revenue and adjusted ptc are presented before inter-segment eliminations , which includes the effect of intercompany transactions with other segments except for interest , charges for certain management fees , and the write-off of intercompany balances , as applicable .
all intra-segment activity has been eliminated within the segment .
inter-segment activity has been eliminated within the total consolidated results .
the following tables present financial information by segment for the periods indicated ( in millions ) : .",.,pdf/AES/2017/page_157.pdf,AES Corporation,AES,2017,157,Utilities,Independent Power Producers & Energy Traders,"Arlington, Virginia",874761,1981,data/FinQA/dev/pdf/AES/2017/page_157.pdf
finqa_dev_654,finqa_dev_ctx_214,dev,What is the basis point variation observed in the operating margin of Aon's HR Solutions segment between 2013 and 2014?,3.6000000000000005,360,"reinsurance commissions , fees and other revenue decreased 2% ( 2 % ) in 2014 reflecting a 1% ( 1 % ) unfavorable impact from foreign currency exchange rates and 1% ( 1 % ) decline in organic revenue growth due primarily to a significant unfavorable market impact in treaty , partially offset by net new business growth in treaty placements globally and growth in capital markets transactions and advisory business , as well as facultative placements .
operating income operating income increased $ 108 million , or 7% ( 7 % ) , from 2013 to $ 1.6 billion in 2014 .
in 2014 , operating income margins in this segment were 21.0% ( 21.0 % ) , an increase of 120 basis points from 19.8% ( 19.8 % ) in 2013 .
operating margin improvement was driven by solid organic revenue growth , return on investments , expense discipline and savings related to the restructuring programs , partially offset by a $ 61 million unfavorable impact from foreign currency exchange rates .
hr solutions ._|    | years ended december 31   | 2014             | 2013           | 2012           |
|---:|:--------------------------|:-----------------|:---------------|:---------------|
|  0 | revenue                   | $ 4264           | $ 4057         | $ 3925         |
|  1 | operating income          | 485              | 318            | 289            |
|  2 | operating margin          | 11.4% ( 11.4 % ) | 7.8% ( 7.8 % ) | 7.4% ( 7.4 % ) |_our hr solutions segment generated approximately 35% ( 35 % ) of our consolidated total revenues in 2014 and provides a broad range of human capital services , as follows : 2022 retirement specializes in global actuarial services , defined contribution consulting , tax and erisa consulting , and pension administration .
2022 compensation focuses on compensatory advisory/counsel including : compensation planning design , executive reward strategies , salary survey and benchmarking , market share studies and sales force effectiveness , with special expertise in the financial services and technology industries .
2022 strategic human capital delivers advice to complex global organizations on talent , change and organizational effectiveness issues , including talent strategy and acquisition , executive on-boarding , performance management , leadership assessment and development , communication strategy , workforce training and change management .
2022 investment consulting advises public and private companies , other institutions and trustees on developing and maintaining investment programs across a broad range of plan types , including defined benefit plans , defined contribution plans , endowments and foundations .
2022 benefits administration applies our human resource expertise primarily through defined benefit ( pension ) , defined contribution ( 401 ( k ) ) , and health and welfare administrative services .
our model replaces the resource-intensive processes once required to administer benefit plans with more efficient , effective , and less costly solutions .
2022 exchanges is building and operating healthcare exchanges that provide employers with a cost effective alternative to traditional employee and retiree healthcare , while helping individuals select the insurance that best meets their needs .
2022 human resource business processing outsourcing provides market-leading solutions to manage employee data ; administer benefits , payroll and other human resources processes ; and record and manage talent , workforce and other core human resource process transactions as well as other complementary services such as flexible spending , dependent audit and participant advocacy .
disruption in the global credit markets and the deterioration of the financial markets created significant uncertainty in the marketplace .
weak economic conditions in many markets around the globe continued throughout 2014 and have adversely impacted our clients' financial condition and therefore the levels of business activities in the industries and geographies where we operate .
while we believe that the majority of our practices are well positioned to manage through this time , these challenges are reducing demand for some of our services and putting continued pressure on the pricing of those services , which is having an adverse effect on our new business and results of operations. .","|    | years ended december 31   | 2014             | 2013           | 2012           |
|---:|:--------------------------|:-----------------|:---------------|:---------------|
|  0 | revenue                   | $ 4264           | $ 4057         | $ 3925         |
|  1 | operating income          | 485              | 318            | 289            |
|  2 | operating margin          | 11.4% ( 11.4 % ) | 7.8% ( 7.8 % ) | 7.4% ( 7.4 % ) |","reinsurance commissions , fees and other revenue decreased 2% ( 2 % ) in 2014 reflecting a 1% ( 1 % ) unfavorable impact from foreign currency exchange rates and 1% ( 1 % ) decline in organic revenue growth due primarily to a significant unfavorable market impact in treaty , partially offset by net new business growth in treaty placements globally and growth in capital markets transactions and advisory business , as well as facultative placements .
operating income operating income increased $ 108 million , or 7% ( 7 % ) , from 2013 to $ 1.6 billion in 2014 .
in 2014 , operating income margins in this segment were 21.0% ( 21.0 % ) , an increase of 120 basis points from 19.8% ( 19.8 % ) in 2013 .
operating margin improvement was driven by solid organic revenue growth , return on investments , expense discipline and savings related to the restructuring programs , partially offset by a $ 61 million unfavorable impact from foreign currency exchange rates .
hr solutions .","our hr solutions segment generated approximately 35% ( 35 % ) of our consolidated total revenues in 2014 and provides a broad range of human capital services , as follows : 2022 retirement specializes in global actuarial services , defined contribution consulting , tax and erisa consulting , and pension administration .
2022 compensation focuses on compensatory advisory/counsel including : compensation planning design , executive reward strategies , salary survey and benchmarking , market share studies and sales force effectiveness , with special expertise in the financial services and technology industries .
2022 strategic human capital delivers advice to complex global organizations on talent , change and organizational effectiveness issues , including talent strategy and acquisition , executive on-boarding , performance management , leadership assessment and development , communication strategy , workforce training and change management .
2022 investment consulting advises public and private companies , other institutions and trustees on developing and maintaining investment programs across a broad range of plan types , including defined benefit plans , defined contribution plans , endowments and foundations .
2022 benefits administration applies our human resource expertise primarily through defined benefit ( pension ) , defined contribution ( 401 ( k ) ) , and health and welfare administrative services .
our model replaces the resource-intensive processes once required to administer benefit plans with more efficient , effective , and less costly solutions .
2022 exchanges is building and operating healthcare exchanges that provide employers with a cost effective alternative to traditional employee and retiree healthcare , while helping individuals select the insurance that best meets their needs .
2022 human resource business processing outsourcing provides market-leading solutions to manage employee data ; administer benefits , payroll and other human resources processes ; and record and manage talent , workforce and other core human resource process transactions as well as other complementary services such as flexible spending , dependent audit and participant advocacy .
disruption in the global credit markets and the deterioration of the financial markets created significant uncertainty in the marketplace .
weak economic conditions in many markets around the globe continued throughout 2014 and have adversely impacted our clients' financial condition and therefore the levels of business activities in the industries and geographies where we operate .
while we believe that the majority of our practices are well positioned to manage through this time , these challenges are reducing demand for some of our services and putting continued pressure on the pricing of those services , which is having an adverse effect on our new business and results of operations. .",pdf/AON/2014/page_47.pdf,Aon,AON,2014,47,Financials,Insurance Brokers,"London, UK",315293,1982 (1919),data/FinQA/dev/pdf/AON/2014/page_47.pdf
finqa_dev_661,finqa_dev_ctx_262,dev,"What proportion of the total identifiable net assets acquired by Global Payments in 2017, as reported in their 2017 Form 10-K annual report, is held in cash?",0.7372976799562377,73.7%,"the estimated acquisition-date fair values of major classes of assets acquired and liabilities assumed , including a reconciliation to the total purchase consideration , are as follows ( in thousands ) : ._|    | cash                                       | $ 45826          |
|---:|:-------------------------------------------|:-----------------|
|  0 | customer-related intangible assets         | 42721            |
|  1 | acquired technology                        | 27954            |
|  2 | trade name                                 | 2901             |
|  3 | other assets                               | 2337             |
|  4 | deferred income tax assets ( liabilities ) | -9788 ( 9788 )   |
|  5 | other liabilities                          | -49797 ( 49797 ) |
|  6 | total identifiable net assets              | 62154            |
|  7 | goodwill                                   | 203828           |
|  8 | total purchase consideration               | $ 265982         |_goodwill of $ 203.8 million arising from the acquisition , included in the asia-pacific segment , was attributable to expected growth opportunities in australia and new zealand , as well as growth opportunities and operating synergies in integrated payments in our existing asia-pacific and north america markets .
goodwill associated with this acquisition is not deductible for income tax purposes .
the customer-related intangible assets have an estimated amortization period of 15 years .
the acquired technology has an estimated amortization period of 15 years .
the trade name has an estimated amortization period of 5 years .
note 3 2014 settlement processing assets and obligations funds settlement refers to the process of transferring funds for sales and credits between card issuers and merchants .
for transactions processed on our systems , we use our internal network to provide funding instructions to financial institutions that in turn fund the merchants .
we process funds settlement under two models , a sponsorship model and a direct membership model .
under the sponsorship model , we are designated as a merchant service provider by mastercard and an independent sales organization by visa , which means that member clearing banks ( 201cmember 201d ) sponsor us and require our adherence to the standards of the payment networks .
in certain markets , we have sponsorship or depository and clearing agreements with financial institution sponsors .
these agreements allow us to route transactions under the members 2019 control and identification numbers to clear credit card transactions through mastercard and visa .
in this model , the standards of the payment networks restrict us from performing funds settlement or accessing merchant settlement funds , and , instead , require that these funds be in the possession of the member until the merchant is funded .
under the direct membership model , we are members in various payment networks , allowing us to process and fund transactions without third-party sponsorship .
in this model , we route and clear transactions directly through the card brand 2019s network and are not restricted from performing funds settlement .
otherwise , we process these transactions similarly to how we process transactions in the sponsorship model .
we are required to adhere to the standards of the payment networks in which we are direct members .
we maintain relationships with financial institutions , which may also serve as our member sponsors for other card brands or in other markets , to assist with funds settlement .
timing differences , interchange fees , merchant reserves and exception items cause differences between the amount received from the payment networks and the amount funded to the merchants .
these intermediary balances arising in our settlement process for direct merchants are reflected as settlement processing assets and obligations on our consolidated balance sheets .
settlement processing assets and obligations include the components outlined below : 2022 interchange reimbursement .
our receivable from merchants for the portion of the discount fee related to reimbursement of the interchange fee .
global payments inc .
| 2017 form 10-k annual report 2013 77 .","|    | cash                                       | $ 45826          |
|---:|:-------------------------------------------|:-----------------|
|  0 | customer-related intangible assets         | 42721            |
|  1 | acquired technology                        | 27954            |
|  2 | trade name                                 | 2901             |
|  3 | other assets                               | 2337             |
|  4 | deferred income tax assets ( liabilities ) | -9788 ( 9788 )   |
|  5 | other liabilities                          | -49797 ( 49797 ) |
|  6 | total identifiable net assets              | 62154            |
|  7 | goodwill                                   | 203828           |
|  8 | total purchase consideration               | $ 265982         |","the estimated acquisition-date fair values of major classes of assets acquired and liabilities assumed , including a reconciliation to the total purchase consideration , are as follows ( in thousands ) : .","goodwill of $ 203.8 million arising from the acquisition , included in the asia-pacific segment , was attributable to expected growth opportunities in australia and new zealand , as well as growth opportunities and operating synergies in integrated payments in our existing asia-pacific and north america markets .
goodwill associated with this acquisition is not deductible for income tax purposes .
the customer-related intangible assets have an estimated amortization period of 15 years .
the acquired technology has an estimated amortization period of 15 years .
the trade name has an estimated amortization period of 5 years .
note 3 2014 settlement processing assets and obligations funds settlement refers to the process of transferring funds for sales and credits between card issuers and merchants .
for transactions processed on our systems , we use our internal network to provide funding instructions to financial institutions that in turn fund the merchants .
we process funds settlement under two models , a sponsorship model and a direct membership model .
under the sponsorship model , we are designated as a merchant service provider by mastercard and an independent sales organization by visa , which means that member clearing banks ( 201cmember 201d ) sponsor us and require our adherence to the standards of the payment networks .
in certain markets , we have sponsorship or depository and clearing agreements with financial institution sponsors .
these agreements allow us to route transactions under the members 2019 control and identification numbers to clear credit card transactions through mastercard and visa .
in this model , the standards of the payment networks restrict us from performing funds settlement or accessing merchant settlement funds , and , instead , require that these funds be in the possession of the member until the merchant is funded .
under the direct membership model , we are members in various payment networks , allowing us to process and fund transactions without third-party sponsorship .
in this model , we route and clear transactions directly through the card brand 2019s network and are not restricted from performing funds settlement .
otherwise , we process these transactions similarly to how we process transactions in the sponsorship model .
we are required to adhere to the standards of the payment networks in which we are direct members .
we maintain relationships with financial institutions , which may also serve as our member sponsors for other card brands or in other markets , to assist with funds settlement .
timing differences , interchange fees , merchant reserves and exception items cause differences between the amount received from the payment networks and the amount funded to the merchants .
these intermediary balances arising in our settlement process for direct merchants are reflected as settlement processing assets and obligations on our consolidated balance sheets .
settlement processing assets and obligations include the components outlined below : 2022 interchange reimbursement .
our receivable from merchants for the portion of the discount fee related to reimbursement of the interchange fee .
global payments inc .
| 2017 form 10-k annual report 2013 77 .",pdf/GPN/2017/page_77.pdf,Global Payments,GPN,2017,77,Financials,Transaction & Payment Processing Services,"Atlanta, Georgia",1123360,2000,data/FinQA/dev/pdf/GPN/2017/page_77.pdf
finqa_dev_682,finqa_dev_ctx_68,dev,"as of december 31, 2012, what was the outstanding amount of share repurchase authorized, in billions, under the $8 billion share repurchase program approved by the Schlumberger board of directors?",0.8799999999999999,0.88,"during the fourth quarter of 2010 , schlumberger issued 20ac1.0 billion 2.75% ( 2.75 % ) guaranteed notes due under this program .
schlumberger entered into agreements to swap these euro notes for us dollars on the date of issue until maturity , effectively making this a us denominated debt on which schlumberger will pay interest in us dollars at a rate of 2.56% ( 2.56 % ) .
during the first quarter of 2009 , schlumberger issued 20ac1.0 billion 4.50% ( 4.50 % ) guaranteed notes due 2014 under this program .
schlumberger entered into agreements to swap these euro notes for us dollars on the date of issue until maturity , effectively making this a us dollar denominated debt on which schlumberger will pay interest in us dollars at a rate of 4.95% ( 4.95 % ) .
0160 on april 17 , 2008 , the schlumberger board of directors approved an $ 8 billion share repurchase program for shares of schlumberger common stock , to be acquired in the open market before december 31 , 2011 .
on july 21 , 2011 , the schlumberger board of directors approved an extension of this repurchase program to december 31 , 2013 .
schlumberger had repurchased $ 7.12 billion of shares under this program as of december 31 , 2012 .
the following table summarizes the activity under this share repurchase program during 2012 , 2011 and 2010 : ( stated in thousands except per share amounts ) total cost of shares purchased total number of shares purchased average price paid per share ._|    |      | total cost of shares purchased   |   total number of shares purchased | average price paid per share   |
|---:|-----:|:---------------------------------|-----------------------------------:|:-------------------------------|
|  0 | 2012 | $ 971883                         |                            14087.8 | $ 68.99                        |
|  1 | 2011 | $ 2997688                        |                            36940.4 | $ 81.15                        |
|  2 | 2010 | $ 1716675                        |                            26624.8 | $ 64.48                        |_0160 cash flow provided by operations was $ 6.8 billion in 2012 , $ 6.1 billion in 2011 and $ 5.5 billion in 2010 .
in recent years , schlumberger has actively managed its activity levels in venezuela relative to its accounts receivable balance , and has recently experienced an increased delay in payment from its national oil company customer there .
schlumberger operates in approximately 85 countries .
at december 31 , 2012 , only five of those countries ( including venezuela ) individually accounted for greater than 5% ( 5 % ) of schlumberger 2019s accounts receivable balance of which only one , the united states , represented greater than 10% ( 10 % ) .
0160 dividends paid during 2012 , 2011 and 2010 were $ 1.43 billion , $ 1.30 billion and $ 1.04 billion , respectively .
on january 17 , 2013 , schlumberger announced that its board of directors had approved an increase in the quarterly dividend of 13.6% ( 13.6 % ) , to $ 0.3125 .
on january 19 , 2012 , schlumberger announced that its board of directors had approved an increase in the quarterly dividend of 10% ( 10 % ) , to $ 0.275 .
on january 21 , 2011 , schlumberger announced that its board of directors had approved an increase in the quarterly dividend of 19% ( 19 % ) , to $ 0.25 .
0160 capital expenditures were $ 4.7 billion in 2012 , $ 4.0 billion in 2011 and $ 2.9 billion in 2010 .
capital expenditures are expected to approach $ 3.9 billion for the full year 2013 .
0160 during 2012 , 2011 and 2010 schlumberger made contributions of $ 673 million , $ 601 million and $ 868 million , respectively , to its postretirement benefit plans .
the us pension plans were 82% ( 82 % ) funded at december 31 , 2012 based on the projected benefit obligation .
this compares to 87% ( 87 % ) funded at december 31 , 2011 .
schlumberger 2019s international defined benefit pension plans are a combined 88% ( 88 % ) funded at december 31 , 2012 based on the projected benefit obligation .
this compares to 88% ( 88 % ) funded at december 31 , 2011 .
schlumberger currently anticipates contributing approximately $ 650 million to its postretirement benefit plans in 2013 , subject to market and business conditions .
0160 there were $ 321 million outstanding series b debentures at december 31 , 2009 .
during 2010 , the remaining $ 320 million of the 2.125% ( 2.125 % ) series b convertible debentures due june 1 , 2023 were converted by holders into 8.0 million shares of schlumberger common stock and the remaining $ 1 million of outstanding series b debentures were redeemed for cash. .","|    |      | total cost of shares purchased   |   total number of shares purchased | average price paid per share   |
|---:|-----:|:---------------------------------|-----------------------------------:|:-------------------------------|
|  0 | 2012 | $ 971883                         |                            14087.8 | $ 68.99                        |
|  1 | 2011 | $ 2997688                        |                            36940.4 | $ 81.15                        |
|  2 | 2010 | $ 1716675                        |                            26624.8 | $ 64.48                        |","during the fourth quarter of 2010 , schlumberger issued 20ac1.0 billion 2.75% ( 2.75 % ) guaranteed notes due under this program .
schlumberger entered into agreements to swap these euro notes for us dollars on the date of issue until maturity , effectively making this a us denominated debt on which schlumberger will pay interest in us dollars at a rate of 2.56% ( 2.56 % ) .
during the first quarter of 2009 , schlumberger issued 20ac1.0 billion 4.50% ( 4.50 % ) guaranteed notes due 2014 under this program .
schlumberger entered into agreements to swap these euro notes for us dollars on the date of issue until maturity , effectively making this a us dollar denominated debt on which schlumberger will pay interest in us dollars at a rate of 4.95% ( 4.95 % ) .
0160 on april 17 , 2008 , the schlumberger board of directors approved an $ 8 billion share repurchase program for shares of schlumberger common stock , to be acquired in the open market before december 31 , 2011 .
on july 21 , 2011 , the schlumberger board of directors approved an extension of this repurchase program to december 31 , 2013 .
schlumberger had repurchased $ 7.12 billion of shares under this program as of december 31 , 2012 .
the following table summarizes the activity under this share repurchase program during 2012 , 2011 and 2010 : ( stated in thousands except per share amounts ) total cost of shares purchased total number of shares purchased average price paid per share .","0160 cash flow provided by operations was $ 6.8 billion in 2012 , $ 6.1 billion in 2011 and $ 5.5 billion in 2010 .
in recent years , schlumberger has actively managed its activity levels in venezuela relative to its accounts receivable balance , and has recently experienced an increased delay in payment from its national oil company customer there .
schlumberger operates in approximately 85 countries .
at december 31 , 2012 , only five of those countries ( including venezuela ) individually accounted for greater than 5% ( 5 % ) of schlumberger 2019s accounts receivable balance of which only one , the united states , represented greater than 10% ( 10 % ) .
0160 dividends paid during 2012 , 2011 and 2010 were $ 1.43 billion , $ 1.30 billion and $ 1.04 billion , respectively .
on january 17 , 2013 , schlumberger announced that its board of directors had approved an increase in the quarterly dividend of 13.6% ( 13.6 % ) , to $ 0.3125 .
on january 19 , 2012 , schlumberger announced that its board of directors had approved an increase in the quarterly dividend of 10% ( 10 % ) , to $ 0.275 .
on january 21 , 2011 , schlumberger announced that its board of directors had approved an increase in the quarterly dividend of 19% ( 19 % ) , to $ 0.25 .
0160 capital expenditures were $ 4.7 billion in 2012 , $ 4.0 billion in 2011 and $ 2.9 billion in 2010 .
capital expenditures are expected to approach $ 3.9 billion for the full year 2013 .
0160 during 2012 , 2011 and 2010 schlumberger made contributions of $ 673 million , $ 601 million and $ 868 million , respectively , to its postretirement benefit plans .
the us pension plans were 82% ( 82 % ) funded at december 31 , 2012 based on the projected benefit obligation .
this compares to 87% ( 87 % ) funded at december 31 , 2011 .
schlumberger 2019s international defined benefit pension plans are a combined 88% ( 88 % ) funded at december 31 , 2012 based on the projected benefit obligation .
this compares to 88% ( 88 % ) funded at december 31 , 2011 .
schlumberger currently anticipates contributing approximately $ 650 million to its postretirement benefit plans in 2013 , subject to market and business conditions .
0160 there were $ 321 million outstanding series b debentures at december 31 , 2009 .
during 2010 , the remaining $ 320 million of the 2.125% ( 2.125 % ) series b convertible debentures due june 1 , 2023 were converted by holders into 8.0 million shares of schlumberger common stock and the remaining $ 1 million of outstanding series b debentures were redeemed for cash. .",pdf/SLB/2012/page_44.pdf,Schlumberger,SLB,2012,44,Energy,Oil & Gas Equipment & Services,"Houston, Texas",87347,1926,data/FinQA/dev/pdf/SLB/2012/page_44.pdf
finqa_dev_695,finqa_dev_ctx_237,dev,"What was the percentage difference in the cumulative 5-year total stockholder return for Cadence Design Systems Inc. compared to the NASDAQ Composite for the period from December 29, 2007, to December 29, 2012?",-31.86,-31.86,"stockholder return performance graphs the following graph compares the cumulative 5-year total stockholder return on our common stock relative to the cumulative total return of the nasdaq composite index and the s&p 400 information technology index .
the graph assumes that the value of the investment in our common stock and in each index ( including reinvestment of dividends ) was $ 100 on december 29 , 2007 and tracks it through december 29 , 2012 .
comparison of 5 year cumulative total return* among cadence design systems , inc. , the nasdaq composite index , and s&p 400 information technology cadence design systems , inc .
nasdaq composite s&p 400 information technology 12/29/1212/31/111/1/111/2/101/3/0912/29/07 *$ 100 invested on 12/29/07 in stock or 12/31/07 in index , including reinvestment of dividends .
indexes calculated on month-end basis .
copyright a9 2013 s&p , a division of the mcgraw-hill companies inc .
all rights reserved. ._|    |                                |   12/29/2007 |   1/3/2009 |   1/2/2010 |   1/1/2011 |   12/31/2011 |   12/29/2012 |
|---:|:-------------------------------|-------------:|-----------:|-----------:|-----------:|-------------:|-------------:|
|  0 | cadence design systems inc .   |          100 |      22.55 |      35.17 |      48.5  |        61.07 |        78.92 |
|  1 | nasdaq composite               |          100 |      59.03 |      82.25 |      97.32 |        98.63 |       110.78 |
|  2 | s&p 400 information technology |          100 |      54.6  |      82.76 |     108.11 |        95.48 |       109.88 |_the stock price performance included in this graph is not necessarily indicative of future stock price performance .","|    |                                |   12/29/2007 |   1/3/2009 |   1/2/2010 |   1/1/2011 |   12/31/2011 |   12/29/2012 |
|---:|:-------------------------------|-------------:|-----------:|-----------:|-----------:|-------------:|-------------:|
|  0 | cadence design systems inc .   |          100 |      22.55 |      35.17 |      48.5  |        61.07 |        78.92 |
|  1 | nasdaq composite               |          100 |      59.03 |      82.25 |      97.32 |        98.63 |       110.78 |
|  2 | s&p 400 information technology |          100 |      54.6  |      82.76 |     108.11 |        95.48 |       109.88 |","stockholder return performance graphs the following graph compares the cumulative 5-year total stockholder return on our common stock relative to the cumulative total return of the nasdaq composite index and the s&p 400 information technology index .
the graph assumes that the value of the investment in our common stock and in each index ( including reinvestment of dividends ) was $ 100 on december 29 , 2007 and tracks it through december 29 , 2012 .
comparison of 5 year cumulative total return* among cadence design systems , inc. , the nasdaq composite index , and s&p 400 information technology cadence design systems , inc .
nasdaq composite s&p 400 information technology 12/29/1212/31/111/1/111/2/101/3/0912/29/07 *$ 100 invested on 12/29/07 in stock or 12/31/07 in index , including reinvestment of dividends .
indexes calculated on month-end basis .
copyright a9 2013 s&p , a division of the mcgraw-hill companies inc .
all rights reserved. .",the stock price performance included in this graph is not necessarily indicative of future stock price performance .,pdf/CDNS/2012/page_30.pdf,Cadence Design Systems,CDNS,2012,30,Information Technology,Application Software,"San Jose, California",813672,1988,data/FinQA/dev/pdf/CDNS/2012/page_30.pdf
finqa_dev_722,finqa_dev_ctx_88,dev,"What is the ratio of sales to operating income for Air Products in the year 2012, as reported in the 2013 financial report?",9.419282511210762,9.41,"equipment and energy ._|    |                  | 2013    | 2012    | 2011    |
|---:|:-----------------|:--------|:--------|:--------|
|  0 | sales            | $ 451.1 | $ 420.1 | $ 400.6 |
|  1 | operating income | 65.5    | 44.6    | 62.8    |_2013 vs .
2012 sales of $ 451.1 increased primarily from higher lng project activity .
operating income of $ 65.5 increased from the higher lng project activity .
the sales backlog for the equipment business at 30 september 2013 was $ 402 , compared to $ 450 at 30 september 2012 .
it is expected that approximately $ 250 of the backlog will be completed during 2014 .
2012 vs .
2011 sales of $ 420.1 increased 5% ( 5 % ) , or $ 19.5 , reflecting higher air separation unit ( asu ) activity .
operating income of $ 44.6 decreased 29% ( 29 % ) , or $ 18.2 , reflecting lower lng project activity .
the sales backlog for the equipment business at 30 september 2012 was $ 450 , compared to $ 334 at 30 september 2011 .
other operating income ( loss ) primarily includes other expense and income that cannot be directly associated with the business segments , including foreign exchange gains and losses .
also included are lifo inventory valuation adjustments , as the business segments use fifo , and the lifo pool valuation adjustments are not allocated to the business segments .
other also included stranded costs resulting from discontinued operations , as these costs were not reallocated to the businesses in 2012 .
2013 vs .
2012 other operating loss was $ 4.7 , compared to $ 6.6 in the prior year .
the current year includes an unfavorable lifo adjustment versus the prior year of $ 11 .
the prior year loss included stranded costs from discontinued operations of $ 10 .
2012 vs .
2011 other operating loss was $ 6.6 , compared to $ 39.3 in the prior year , primarily due to a reduction in stranded costs , a decrease in the lifo adjustment as a result of decreases in inventory values , and favorable foreign exchange , partially offset by gains on asset sales in the prior year. .","|    |                  | 2013    | 2012    | 2011    |
|---:|:-----------------|:--------|:--------|:--------|
|  0 | sales            | $ 451.1 | $ 420.1 | $ 400.6 |
|  1 | operating income | 65.5    | 44.6    | 62.8    |",equipment and energy .,"2013 vs .
2012 sales of $ 451.1 increased primarily from higher lng project activity .
operating income of $ 65.5 increased from the higher lng project activity .
the sales backlog for the equipment business at 30 september 2013 was $ 402 , compared to $ 450 at 30 september 2012 .
it is expected that approximately $ 250 of the backlog will be completed during 2014 .
2012 vs .
2011 sales of $ 420.1 increased 5% ( 5 % ) , or $ 19.5 , reflecting higher air separation unit ( asu ) activity .
operating income of $ 44.6 decreased 29% ( 29 % ) , or $ 18.2 , reflecting lower lng project activity .
the sales backlog for the equipment business at 30 september 2012 was $ 450 , compared to $ 334 at 30 september 2011 .
other operating income ( loss ) primarily includes other expense and income that cannot be directly associated with the business segments , including foreign exchange gains and losses .
also included are lifo inventory valuation adjustments , as the business segments use fifo , and the lifo pool valuation adjustments are not allocated to the business segments .
other also included stranded costs resulting from discontinued operations , as these costs were not reallocated to the businesses in 2012 .
2013 vs .
2012 other operating loss was $ 4.7 , compared to $ 6.6 in the prior year .
the current year includes an unfavorable lifo adjustment versus the prior year of $ 11 .
the prior year loss included stranded costs from discontinued operations of $ 10 .
2012 vs .
2011 other operating loss was $ 6.6 , compared to $ 39.3 in the prior year , primarily due to a reduction in stranded costs , a decrease in the lifo adjustment as a result of decreases in inventory values , and favorable foreign exchange , partially offset by gains on asset sales in the prior year. .",pdf/APD/2013/page_36.pdf,Air Products,APD,2013,36,Materials,Industrial Gases,"Allentown, Pennsylvania",2969,1940,data/FinQA/dev/pdf/APD/2013/page_36.pdf
finqa_dev_734,finqa_dev_ctx_194,dev,"What percentage of Entergy's total workforce, which consisted of 14669 employees as of December 31, 2008, is employed by Entergy Arkansas, which had 1526 employees?",0.10402890449246711,10.4%,"part i item 1 entergy corporation , utility operating companies , and system energy employment and labor-related proceedings ( entergy corporation , entergy arkansas , entergy gulf states louisiana , entergy louisiana , entergy mississippi , entergy new orleans , entergy texas , and system energy ) the registrant subsidiaries and other entergy subsidiaries are responding to various lawsuits in both state and federal courts and to other labor-related proceedings filed by current and former employees .
generally , the amount of damages being sought is not specified in these proceedings .
these actions include , but are not limited to , allegations of wrongful employment actions ; wage disputes and other claims under the fair labor standards act or its state counterparts ; claims of race , gender and disability discrimination ; disputes arising under collective bargaining agreements ; unfair labor practice proceedings and other administrative proceedings before the national labor relations board ; claims of retaliation ; and claims for or regarding benefits under various entergy corporation sponsored plans .
entergy and the registrant subsidiaries are responding to these suits and proceedings and deny liability to the claimants .
employees employees are an integral part of entergy's commitment to serving its customers .
as of december 31 , 2008 , entergy employed 14669 people .
utility: ._|    | entergy arkansas              | 1526   |
|---:|:------------------------------|:-------|
|  0 | entergy gulf states louisiana | 858    |
|  1 | entergy louisiana             | 1008   |
|  2 | entergy mississippi           | 828    |
|  3 | entergy new orleans           | 378    |
|  4 | entergy texas                 | 744    |
|  5 | system energy                 | -      |
|  6 | entergy operations            | 2448   |
|  7 | entergy services              | 3179   |
|  8 | entergy nuclear operations    | 3620   |
|  9 | other subsidiaries            | 80     |
| 10 | total entergy                 | 14669  |_approximately 5000 employees are represented by the international brotherhood of electrical workers union , the utility workers union of america , the international brotherhood of teamsters union , and the united government security officers of america. .","|    | entergy arkansas              | 1526   |
|---:|:------------------------------|:-------|
|  0 | entergy gulf states louisiana | 858    |
|  1 | entergy louisiana             | 1008   |
|  2 | entergy mississippi           | 828    |
|  3 | entergy new orleans           | 378    |
|  4 | entergy texas                 | 744    |
|  5 | system energy                 | -      |
|  6 | entergy operations            | 2448   |
|  7 | entergy services              | 3179   |
|  8 | entergy nuclear operations    | 3620   |
|  9 | other subsidiaries            | 80     |
| 10 | total entergy                 | 14669  |","part i item 1 entergy corporation , utility operating companies , and system energy employment and labor-related proceedings ( entergy corporation , entergy arkansas , entergy gulf states louisiana , entergy louisiana , entergy mississippi , entergy new orleans , entergy texas , and system energy ) the registrant subsidiaries and other entergy subsidiaries are responding to various lawsuits in both state and federal courts and to other labor-related proceedings filed by current and former employees .
generally , the amount of damages being sought is not specified in these proceedings .
these actions include , but are not limited to , allegations of wrongful employment actions ; wage disputes and other claims under the fair labor standards act or its state counterparts ; claims of race , gender and disability discrimination ; disputes arising under collective bargaining agreements ; unfair labor practice proceedings and other administrative proceedings before the national labor relations board ; claims of retaliation ; and claims for or regarding benefits under various entergy corporation sponsored plans .
entergy and the registrant subsidiaries are responding to these suits and proceedings and deny liability to the claimants .
employees employees are an integral part of entergy's commitment to serving its customers .
as of december 31 , 2008 , entergy employed 14669 people .
utility: .","approximately 5000 employees are represented by the international brotherhood of electrical workers union , the utility workers union of america , the international brotherhood of teamsters union , and the united government security officers of america. .",pdf/ETR/2008/page_249.pdf,Entergy,ETR,2008,249,Utilities,Electric Utilities,"New Orleans, Louisiana",65984,1913,data/FinQA/dev/pdf/ETR/2008/page_249.pdf
finqa_dev_77,finqa_dev_ctx_282,dev,What percentage of International Paper's total industrial packaging net sales in 2007 were represented by European industrial packaging net sales?,0.20972354623450906,21%,"tissue pulp due to strong market demand , partic- ularly from asia .
average sales price realizations improved significantly in 2007 , principally reflecting higher average prices for softwood , hardwood and fluff pulp .
operating earnings in 2007 were $ 104 mil- lion compared with $ 48 million in 2006 and $ 37 mil- lion in 2005 .
the benefits from higher sales price realizations were partially offset by increased input costs for energy , chemicals and freight .
entering the first quarter of 2008 , demand for market pulp remains strong , and average sales price realiza- tions should increase slightly .
however , input costs for energy , chemicals and freight are expected to be higher , and increased spending is anticipated for planned mill maintenance outages .
industrial packaging demand for industrial packaging products is closely correlated with non-durable industrial goods pro- duction , as well as with demand for processed foods , poultry , meat and agricultural products .
in addition to prices and volumes , major factors affecting the profitability of industrial packaging are raw material and energy costs , freight costs , manufacturing effi- ciency and product mix .
industrial packaging net sales for 2007 increased 6% ( 6 % ) to $ 5.2 billion compared with $ 4.9 bil- lion in 2006 , and 13% ( 13 % ) compared with $ 4.6 billion in 2005 .
operating profits in 2007 were 26% ( 26 % ) higher than in 2006 and more than double 2005 earnings .
bene- fits from improved price realizations ( $ 147 million ) , sales volume increases net of increased lack of order downtime ( $ 3 million ) , a more favorable mix ( $ 31 million ) , strong mill and converting operations ( $ 33 million ) and other costs ( $ 47 million ) were partially offset by the effects of higher raw material costs ( $ 76 million ) and higher freight costs ( $ 18 million ) .
in addition , a gain of $ 13 million was recognized in 2006 related to a sale of property in spain and costs of $ 52 million were incurred in 2007 related to the conversion of the paper machine at pensacola to production of lightweight linerboard .
the segment took 165000 tons of downtime in 2007 which included 16000 tons of market-related downtime compared with 135000 tons of downtime in 2006 of which none was market-related .
industrial packaging in millions 2007 2006 2005 ._|    | in millions      | 2007   | 2006   | 2005   |
|---:|:-----------------|:-------|:-------|:-------|
|  0 | sales            | $ 5245 | $ 4925 | $ 4625 |
|  1 | operating profit | $ 501  | $ 399  | $ 219  |_north american industrial packaging net sales for 2007 were $ 3.9 billion , compared with $ 3.7 billion in 2006 and $ 3.6 billion in 2005 .
operating profits in 2007 were $ 407 million , up from $ 327 mil- lion in 2006 and $ 170 million in 2005 .
containerboard shipments were higher in 2007 compared with 2006 , including production from the paper machine at pensacola that was converted to lightweight linerboard during 2007 .
average sales price realizations were significantly higher than in 2006 reflecting price increases announced early in 2006 and in the third quarter of 2007 .
margins improved reflecting stronger export demand .
manu- facturing performance was strong , although costs associated with planned mill maintenance outages were higher due to timing of outages .
raw material costs for wood , energy , chemicals and recycled fiber increased significantly .
operating results for 2007 were also unfavorably impacted by $ 52 million of costs associated with the conversion and startup of the pensacola paper machine .
u.s .
converting sales volumes were slightly lower in 2007 compared with 2006 reflecting softer customer box demand .
earnings improvement in 2007 bene- fited from the realization of box price increases announced in early 2006 and late 2007 .
favorable manufacturing operations and higher sales prices for waste fiber more than offset significantly higher raw material and freight costs .
looking ahead to the first quarter of 2008 , sales volumes are expected to increase slightly , and results should benefit from a full-quarter impact of the price increases announced in the third quarter of 2007 .
however , additional mill maintenance outages are planned for the first quarter , and freight and input costs are expected to rise , particularly for wood and energy .
manufacturing operations should be favorable compared with the fourth quarter .
european industrial packaging net sales for 2007 were $ 1.1 billion , up from $ 1.0 billion in 2006 and $ 880 million in 2005 .
sales volumes were about flat as early stronger demand in the industrial segment weakened in the second half of the year .
operating profits in 2007 were $ 88 million compared with $ 69 million in 2006 and $ 53 million in 2005 .
sales margins improved reflecting increased sales prices for boxes .
conversion costs were favorable as the result of manufacturing improvement programs .
entering the first quarter of 2008 , sales volumes should be strong seasonally across all regions as the winter fruit and vegetable season continues .
profit margins , however , are expected to be somewhat lower. .","|    | in millions      | 2007   | 2006   | 2005   |
|---:|:-----------------|:-------|:-------|:-------|
|  0 | sales            | $ 5245 | $ 4925 | $ 4625 |
|  1 | operating profit | $ 501  | $ 399  | $ 219  |","tissue pulp due to strong market demand , partic- ularly from asia .
average sales price realizations improved significantly in 2007 , principally reflecting higher average prices for softwood , hardwood and fluff pulp .
operating earnings in 2007 were $ 104 mil- lion compared with $ 48 million in 2006 and $ 37 mil- lion in 2005 .
the benefits from higher sales price realizations were partially offset by increased input costs for energy , chemicals and freight .
entering the first quarter of 2008 , demand for market pulp remains strong , and average sales price realiza- tions should increase slightly .
however , input costs for energy , chemicals and freight are expected to be higher , and increased spending is anticipated for planned mill maintenance outages .
industrial packaging demand for industrial packaging products is closely correlated with non-durable industrial goods pro- duction , as well as with demand for processed foods , poultry , meat and agricultural products .
in addition to prices and volumes , major factors affecting the profitability of industrial packaging are raw material and energy costs , freight costs , manufacturing effi- ciency and product mix .
industrial packaging net sales for 2007 increased 6% ( 6 % ) to $ 5.2 billion compared with $ 4.9 bil- lion in 2006 , and 13% ( 13 % ) compared with $ 4.6 billion in 2005 .
operating profits in 2007 were 26% ( 26 % ) higher than in 2006 and more than double 2005 earnings .
bene- fits from improved price realizations ( $ 147 million ) , sales volume increases net of increased lack of order downtime ( $ 3 million ) , a more favorable mix ( $ 31 million ) , strong mill and converting operations ( $ 33 million ) and other costs ( $ 47 million ) were partially offset by the effects of higher raw material costs ( $ 76 million ) and higher freight costs ( $ 18 million ) .
in addition , a gain of $ 13 million was recognized in 2006 related to a sale of property in spain and costs of $ 52 million were incurred in 2007 related to the conversion of the paper machine at pensacola to production of lightweight linerboard .
the segment took 165000 tons of downtime in 2007 which included 16000 tons of market-related downtime compared with 135000 tons of downtime in 2006 of which none was market-related .
industrial packaging in millions 2007 2006 2005 .","north american industrial packaging net sales for 2007 were $ 3.9 billion , compared with $ 3.7 billion in 2006 and $ 3.6 billion in 2005 .
operating profits in 2007 were $ 407 million , up from $ 327 mil- lion in 2006 and $ 170 million in 2005 .
containerboard shipments were higher in 2007 compared with 2006 , including production from the paper machine at pensacola that was converted to lightweight linerboard during 2007 .
average sales price realizations were significantly higher than in 2006 reflecting price increases announced early in 2006 and in the third quarter of 2007 .
margins improved reflecting stronger export demand .
manu- facturing performance was strong , although costs associated with planned mill maintenance outages were higher due to timing of outages .
raw material costs for wood , energy , chemicals and recycled fiber increased significantly .
operating results for 2007 were also unfavorably impacted by $ 52 million of costs associated with the conversion and startup of the pensacola paper machine .
u.s .
converting sales volumes were slightly lower in 2007 compared with 2006 reflecting softer customer box demand .
earnings improvement in 2007 bene- fited from the realization of box price increases announced in early 2006 and late 2007 .
favorable manufacturing operations and higher sales prices for waste fiber more than offset significantly higher raw material and freight costs .
looking ahead to the first quarter of 2008 , sales volumes are expected to increase slightly , and results should benefit from a full-quarter impact of the price increases announced in the third quarter of 2007 .
however , additional mill maintenance outages are planned for the first quarter , and freight and input costs are expected to rise , particularly for wood and energy .
manufacturing operations should be favorable compared with the fourth quarter .
european industrial packaging net sales for 2007 were $ 1.1 billion , up from $ 1.0 billion in 2006 and $ 880 million in 2005 .
sales volumes were about flat as early stronger demand in the industrial segment weakened in the second half of the year .
operating profits in 2007 were $ 88 million compared with $ 69 million in 2006 and $ 53 million in 2005 .
sales margins improved reflecting increased sales prices for boxes .
conversion costs were favorable as the result of manufacturing improvement programs .
entering the first quarter of 2008 , sales volumes should be strong seasonally across all regions as the winter fruit and vegetable season continues .
profit margins , however , are expected to be somewhat lower. .",pdf/IP/2007/page_31.pdf,International Paper,IP,2007,31,Materials,Paper & Plastic Packaging Products & Materials,"Memphis, Tennessee",51434,1898,data/FinQA/dev/pdf/IP/2007/page_31.pdf
finqa_dev_787,finqa_dev_ctx_209,dev,"What was the total percentage change in the NAREIT All Equity Index over the five-year period from December 31, 2007, to the end of 2012, as depicted in the performance graph of Vornado Realty Trust's 2012 report?",32.0,32,"performance graph the following graph is a comparison of the five-year cumulative return of our common shares , the standard & poor 2019s 500 index ( the 201cs&p 500 index 201d ) and the national association of real estate investment trusts 2019 ( 201cnareit 201d ) all equity index , a peer group index .
the graph assumes that $ 100 was invested on december 31 , 2007 in our common shares , the s&p 500 index and the nareit all equity index and that all dividends were reinvested without the payment of any commissions .
there can be no assurance that the performance of our shares will continue in line with the same or similar trends depicted in the graph below. ._|    |                             | 2007   | 2008   | 2009   | 2010   | 2011   | 2012   |
|---:|:----------------------------|:-------|:-------|:-------|:-------|:-------|:-------|
|  0 | vornado realty trust        | $ 100  | $ 72   | $ 89   | $ 110  | $ 105  | $ 114  |
|  1 | s&p 500 index               | 100    | 63     | 80     | 92     | 94     | 109    |
|  2 | the nareit all equity index | 100    | 62     | 80     | 102    | 110    | 132    |_.","|    |                             | 2007   | 2008   | 2009   | 2010   | 2011   | 2012   |
|---:|:----------------------------|:-------|:-------|:-------|:-------|:-------|:-------|
|  0 | vornado realty trust        | $ 100  | $ 72   | $ 89   | $ 110  | $ 105  | $ 114  |
|  1 | s&p 500 index               | 100    | 63     | 80     | 92     | 94     | 109    |
|  2 | the nareit all equity index | 100    | 62     | 80     | 102    | 110    | 132    |","performance graph the following graph is a comparison of the five-year cumulative return of our common shares , the standard & poor 2019s 500 index ( the 201cs&p 500 index 201d ) and the national association of real estate investment trusts 2019 ( 201cnareit 201d ) all equity index , a peer group index .
the graph assumes that $ 100 was invested on december 31 , 2007 in our common shares , the s&p 500 index and the nareit all equity index and that all dividends were reinvested without the payment of any commissions .
there can be no assurance that the performance of our shares will continue in line with the same or similar trends depicted in the graph below. .",.,pdf/VNO/2012/page_84.pdf,Vornado Realty Trust,VNO,2012,84,Real Estate,Real Estate Investment Trusts,"New York, NY",899689,1982,data/FinQA/dev/pdf/VNO/2012/page_84.pdf
finqa_dev_813,finqa_dev_ctx_180,dev,"What percentage of Union Pacific Corporation's total freight revenues in 2013 was attributed to the automotive commodity group, as indicated in the freight revenue by commodity group table for that year?",0.0945681373218595,9%,"notes to the consolidated financial statements union pacific corporation and subsidiary companies for purposes of this report , unless the context otherwise requires , all references herein to the 201ccorporation 201d , 201ccompany 201d , 201cupc 201d , 201cwe 201d , 201cus 201d , and 201cour 201d mean union pacific corporation and its subsidiaries , including union pacific railroad company , which will be separately referred to herein as 201cuprr 201d or the 201crailroad 201d .
1 .
nature of operations operations and segmentation 2013 we are a class i railroad operating in the u.s .
our network includes 31838 route miles , linking pacific coast and gulf coast ports with the midwest and eastern u.s .
gateways and providing several corridors to key mexican gateways .
we own 26009 miles and operate on the remainder pursuant to trackage rights or leases .
we serve the western two-thirds of the country and maintain coordinated schedules with other rail carriers for the handling of freight to and from the atlantic coast , the pacific coast , the southeast , the southwest , canada , and mexico .
export and import traffic is moved through gulf coast and pacific coast ports and across the mexican and canadian borders .
the railroad , along with its subsidiaries and rail affiliates , is our one reportable operating segment .
although we provide and review revenue by commodity group , we analyze the net financial results of the railroad as one segment due to the integrated nature of our rail network .
the following table provides freight revenue by commodity group : millions 2013 2012 2011 ._|    | millions                | 2013    | 2012    | 2011    |
|---:|:------------------------|:--------|:--------|:--------|
|  0 | agricultural            | $ 3276  | $ 3280  | $ 3324  |
|  1 | automotive              | 2077    | 1807    | 1510    |
|  2 | chemicals               | 3501    | 3238    | 2815    |
|  3 | coal                    | 3978    | 3912    | 4084    |
|  4 | industrial products     | 3822    | 3494    | 3166    |
|  5 | intermodal              | 4030    | 3955    | 3609    |
|  6 | total freight revenues  | $ 20684 | $ 19686 | $ 18508 |
|  7 | other revenues          | 1279    | 1240    | 1049    |
|  8 | total operatingrevenues | $ 21963 | $ 20926 | $ 19557 |_although our revenues are principally derived from customers domiciled in the u.s. , the ultimate points of origination or destination for some products transported by us are outside the u.s .
each of our commodity groups includes revenue from shipments to and from mexico .
included in the above table are revenues from our mexico business which amounted to $ 2.1 billion in 2013 , $ 1.9 billion in 2012 , and $ 1.8 billion in 2011 .
basis of presentation 2013 the consolidated financial statements are presented in accordance with accounting principles generally accepted in the u.s .
( gaap ) as codified in the financial accounting standards board ( fasb ) accounting standards codification ( asc ) .
2 .
significant accounting policies principles of consolidation 2013 the consolidated financial statements include the accounts of union pacific corporation and all of its subsidiaries .
investments in affiliated companies ( 20% ( 20 % ) to 50% ( 50 % ) owned ) are accounted for using the equity method of accounting .
all intercompany transactions are eliminated .
we currently have no less than majority-owned investments that require consolidation under variable interest entity requirements .
cash and cash equivalents 2013 cash equivalents consist of investments with original maturities of three months or less .
accounts receivable 2013 accounts receivable includes receivables reduced by an allowance for doubtful accounts .
the allowance is based upon historical losses , credit worthiness of customers , and current economic conditions .
receivables not expected to be collected in one year and the associated allowances are classified as other assets in our consolidated statements of financial position. .","|    | millions                | 2013    | 2012    | 2011    |
|---:|:------------------------|:--------|:--------|:--------|
|  0 | agricultural            | $ 3276  | $ 3280  | $ 3324  |
|  1 | automotive              | 2077    | 1807    | 1510    |
|  2 | chemicals               | 3501    | 3238    | 2815    |
|  3 | coal                    | 3978    | 3912    | 4084    |
|  4 | industrial products     | 3822    | 3494    | 3166    |
|  5 | intermodal              | 4030    | 3955    | 3609    |
|  6 | total freight revenues  | $ 20684 | $ 19686 | $ 18508 |
|  7 | other revenues          | 1279    | 1240    | 1049    |
|  8 | total operatingrevenues | $ 21963 | $ 20926 | $ 19557 |","notes to the consolidated financial statements union pacific corporation and subsidiary companies for purposes of this report , unless the context otherwise requires , all references herein to the 201ccorporation 201d , 201ccompany 201d , 201cupc 201d , 201cwe 201d , 201cus 201d , and 201cour 201d mean union pacific corporation and its subsidiaries , including union pacific railroad company , which will be separately referred to herein as 201cuprr 201d or the 201crailroad 201d .
1 .
nature of operations operations and segmentation 2013 we are a class i railroad operating in the u.s .
our network includes 31838 route miles , linking pacific coast and gulf coast ports with the midwest and eastern u.s .
gateways and providing several corridors to key mexican gateways .
we own 26009 miles and operate on the remainder pursuant to trackage rights or leases .
we serve the western two-thirds of the country and maintain coordinated schedules with other rail carriers for the handling of freight to and from the atlantic coast , the pacific coast , the southeast , the southwest , canada , and mexico .
export and import traffic is moved through gulf coast and pacific coast ports and across the mexican and canadian borders .
the railroad , along with its subsidiaries and rail affiliates , is our one reportable operating segment .
although we provide and review revenue by commodity group , we analyze the net financial results of the railroad as one segment due to the integrated nature of our rail network .
the following table provides freight revenue by commodity group : millions 2013 2012 2011 .","although our revenues are principally derived from customers domiciled in the u.s. , the ultimate points of origination or destination for some products transported by us are outside the u.s .
each of our commodity groups includes revenue from shipments to and from mexico .
included in the above table are revenues from our mexico business which amounted to $ 2.1 billion in 2013 , $ 1.9 billion in 2012 , and $ 1.8 billion in 2011 .
basis of presentation 2013 the consolidated financial statements are presented in accordance with accounting principles generally accepted in the u.s .
( gaap ) as codified in the financial accounting standards board ( fasb ) accounting standards codification ( asc ) .
2 .
significant accounting policies principles of consolidation 2013 the consolidated financial statements include the accounts of union pacific corporation and all of its subsidiaries .
investments in affiliated companies ( 20% ( 20 % ) to 50% ( 50 % ) owned ) are accounted for using the equity method of accounting .
all intercompany transactions are eliminated .
we currently have no less than majority-owned investments that require consolidation under variable interest entity requirements .
cash and cash equivalents 2013 cash equivalents consist of investments with original maturities of three months or less .
accounts receivable 2013 accounts receivable includes receivables reduced by an allowance for doubtful accounts .
the allowance is based upon historical losses , credit worthiness of customers , and current economic conditions .
receivables not expected to be collected in one year and the associated allowances are classified as other assets in our consolidated statements of financial position. .",pdf/UNP/2013/page_54.pdf,Union Pacific Corporation,UNP,2013,54,Industrials,Rail Transportation,"Omaha, Nebraska",100885,1862,data/FinQA/dev/pdf/UNP/2013/page_54.pdf
finqa_dev_819,finqa_dev_ctx_55,dev,"What percentage of Ansys' total contractual obligations, as disclosed in the company's 2013 report, are due after 5 years?",0.41601688172414986,41.6%,"contractual obligations the company's significant contractual obligations as of december 31 , 2013 are summarized below: ._|    | ( in thousands )                                                                      | payments due by period total   | payments due by period within 1 year   | payments due by period 2 2013 3 years   | payments due by period 4 2013 5 years   | payments due by period after 5 years   |
|---:|:--------------------------------------------------------------------------------------|:-------------------------------|:---------------------------------------|:----------------------------------------|:----------------------------------------|:---------------------------------------|
|  0 | global headquarters operating leases ( 1 )                                            | $ 68389                        | $ 1429                                 | $ 8556                                  | $ 8556                                  | $ 49848                                |
|  1 | other operating leases ( 2 )                                                          | 35890                          | 11401                                  | 12045                                   | 5249                                    | 7195                                   |
|  2 | unconditional purchase obligations ( 3 )                                              | 3860                           | 2872                                   | 988                                     | 2014                                    | 2014                                   |
|  3 | obligations related to uncertain tax positions including interest and penalties ( 4 ) | 933                            | 933                                    | 2014                                    | 2014                                    | 2014                                   |
|  4 | other long-term obligations ( 5 )                                                     | 35463                          | 11140                                  | 17457                                   | 3780                                    | 3086                                   |
|  5 | total contractual obligations                                                         | $ 144535                       | $ 27775                                | $ 39046                                 | $ 17585                                 | $ 60129                                |_( 1 ) on september 14 , 2012 , the company entered into a lease agreement for a to-be-built office facility in canonsburg , pennsylvania , which will serve as the company's new headquarters .
the lease was effective as of september 14 , 2012 , but because the premises are under construction , the company will not be obligated to pay rent until january 1 , 2015 .
the term of the lease is 183 months , beginning on the date the company takes possession of the facility .
the company shall have a one-time right to terminate the lease effective upon the last day of the tenth full year following the date of possession ( anticipated to be december 31 , 2025 ) , by providing the landlord with at least 18 months' prior written notice of such termination .
the company's lease for its existing headquarters expires on december 31 , 2014 .
( 2 ) other operating leases primarily include noncancellable lease commitments for the company 2019s other domestic and international offices as well as certain operating equipment .
( 3 ) unconditional purchase obligations primarily include software licenses and long-term purchase contracts for network , communication and office maintenance services , which are unrecorded as of december 31 , 2013 .
( 4 ) the company has $ 17.9 million of unrecognized tax benefits , including estimated interest and penalties , that have been recorded as liabilities in accordance with income tax accounting guidance for which the company is uncertain as to if or when such amounts may be settled .
as a result , such amounts are excluded from the table above .
( 5 ) primarily includes deferred compensation of $ 20.0 million ( including estimated imputed interest of $ 250000 within 1 year , $ 580000 within 2-3 years and $ 90000 within 4-5 years ) , contingent consideration of $ 8.0 million ( including estimated imputed interest of $ 360000 within 1 year and $ 740000 within 2-3 years ) and pension obligations of $ 5.4 million for certain foreign locations of the company .
table of contents .","|    | ( in thousands )                                                                      | payments due by period total   | payments due by period within 1 year   | payments due by period 2 2013 3 years   | payments due by period 4 2013 5 years   | payments due by period after 5 years   |
|---:|:--------------------------------------------------------------------------------------|:-------------------------------|:---------------------------------------|:----------------------------------------|:----------------------------------------|:---------------------------------------|
|  0 | global headquarters operating leases ( 1 )                                            | $ 68389                        | $ 1429                                 | $ 8556                                  | $ 8556                                  | $ 49848                                |
|  1 | other operating leases ( 2 )                                                          | 35890                          | 11401                                  | 12045                                   | 5249                                    | 7195                                   |
|  2 | unconditional purchase obligations ( 3 )                                              | 3860                           | 2872                                   | 988                                     | 2014                                    | 2014                                   |
|  3 | obligations related to uncertain tax positions including interest and penalties ( 4 ) | 933                            | 933                                    | 2014                                    | 2014                                    | 2014                                   |
|  4 | other long-term obligations ( 5 )                                                     | 35463                          | 11140                                  | 17457                                   | 3780                                    | 3086                                   |
|  5 | total contractual obligations                                                         | $ 144535                       | $ 27775                                | $ 39046                                 | $ 17585                                 | $ 60129                                |","contractual obligations the company's significant contractual obligations as of december 31 , 2013 are summarized below: .","( 1 ) on september 14 , 2012 , the company entered into a lease agreement for a to-be-built office facility in canonsburg , pennsylvania , which will serve as the company's new headquarters .
the lease was effective as of september 14 , 2012 , but because the premises are under construction , the company will not be obligated to pay rent until january 1 , 2015 .
the term of the lease is 183 months , beginning on the date the company takes possession of the facility .
the company shall have a one-time right to terminate the lease effective upon the last day of the tenth full year following the date of possession ( anticipated to be december 31 , 2025 ) , by providing the landlord with at least 18 months' prior written notice of such termination .
the company's lease for its existing headquarters expires on december 31 , 2014 .
( 2 ) other operating leases primarily include noncancellable lease commitments for the company 2019s other domestic and international offices as well as certain operating equipment .
( 3 ) unconditional purchase obligations primarily include software licenses and long-term purchase contracts for network , communication and office maintenance services , which are unrecorded as of december 31 , 2013 .
( 4 ) the company has $ 17.9 million of unrecognized tax benefits , including estimated interest and penalties , that have been recorded as liabilities in accordance with income tax accounting guidance for which the company is uncertain as to if or when such amounts may be settled .
as a result , such amounts are excluded from the table above .
( 5 ) primarily includes deferred compensation of $ 20.0 million ( including estimated imputed interest of $ 250000 within 1 year , $ 580000 within 2-3 years and $ 90000 within 4-5 years ) , contingent consideration of $ 8.0 million ( including estimated imputed interest of $ 360000 within 1 year and $ 740000 within 2-3 years ) and pension obligations of $ 5.4 million for certain foreign locations of the company .
table of contents .",pdf/ANSS/2013/page_55.pdf,Ansys,ANSS,2013,55,Information Technology,Application Software,"Canonsburg, Pennsylvania",1013462,1969,data/FinQA/dev/pdf/ANSS/2013/page_55.pdf
finqa_dev_880,finqa_dev_ctx_52,dev,"What was the percentage increase in the total value of Analog Devices' deferred compensation plan investments, which include money market funds and mutual funds, from October 30, 2010, to October 29, 2011?",2.0391254315304947,204%,"contingent consideration of up to $ 13.8 million .
the contingent consideration arrangement requires additional cash payments to the former equity holders of lyric upon the achievement of certain technological and product development milestones payable during the period from june 2011 through june 2016 .
the company estimated the fair value of the contingent consideration arrangement utilizing the income approach .
changes in the fair value of the contingent consideration subsequent to the acquisition date primarily driven by assumptions pertaining to the achievement of the defined milestones will be recognized in operating income in the period of the estimated fair value change .
as of october 29 , 2011 , no contingent payments have been made and the fair value of the contingent consideration was approximately $ 14.0 million .
the company allocated the purchase price to the tangible and intangible assets acquired and liabilities assumed based on their estimated fair values at the date of acquisition , resulting in the recognition of $ 12.2 million of ipr&d , $ 18.9 million of goodwill and $ 3.3 million of net deferred tax liabilities .
the goodwill recognized is attributable to future technologies that have yet to be determined as well as the assembled workforce of lyric .
future technologies do not meet the criteria for recognition separately from goodwill because they are a part of future development and growth of the business .
none of the goodwill is expected to be deductible for tax purposes .
in addition , the company will be obligated to pay royalties to the former equity holders of lyric on revenue recognized from the sale of lyric products and licenses through the earlier of 20 years or the accrual of a maximum of $ 25 million .
royalty payments to lyric employees require post-acquisition services to be rendered and , as such , the company will record these amounts as compensation expense in the related periods .
as of october 29 , 2011 , no royalty payments have been made .
the company recognized $ 0.2 million of acquisition-related costs that were expensed in the third quarter of fiscal 2011 .
these costs are included in operating expenses in the consolidated statement of income .
the company has not provided pro forma results of operations for integrant , audioasics and lyric herein as they were not material to the company on either an individual or an aggregate basis .
the company included the results of operations of each acquisition in its consolidated statement of income from the date of such acquisition .
7 .
deferred compensation plan investments investments in the analog devices , inc .
deferred compensation plan ( the deferred compensation plan ) are classified as trading .
the components of the investments as of october 29 , 2011 and october 30 , 2010 were as follows: ._|    |                                              | 2011    | 2010   |
|---:|:---------------------------------------------|:--------|:-------|
|  0 | money market funds                           | $ 17187 | $ 1840 |
|  1 | mutual funds                                 | 9223    | 6850   |
|  2 | total deferred compensation plan investments | $ 26410 | $ 8690 |_the fair values of these investments are based on published market quotes on october 29 , 2011 and october 30 , 2010 , respectively .
adjustments to the fair value of , and income pertaining to , deferred compensation plan investments are recorded in operating expenses .
gross realized and unrealized gains and losses from trading securities were not material in fiscal 2011 , 2010 or 2009 .
the company has recorded a corresponding liability for amounts owed to the deferred compensation plan participants ( see note 10 ) .
these investments are specifically designated as available to the company solely for the purpose of paying benefits under the deferred compensation plan .
however , in the event the company became insolvent , the investments would be available to all unsecured general creditors .
8 .
other investments other investments consist of equity securities and other long-term investments .
investments are stated at fair value , which is based on market quotes or on a cost-basis , dependent on the nature of the investment , as appropriate .
adjustments to the fair value of investments classified as available-for-sale are recorded as an increase or decrease analog devices , inc .
notes to consolidated financial statements 2014 ( continued ) .","|    |                                              | 2011    | 2010   |
|---:|:---------------------------------------------|:--------|:-------|
|  0 | money market funds                           | $ 17187 | $ 1840 |
|  1 | mutual funds                                 | 9223    | 6850   |
|  2 | total deferred compensation plan investments | $ 26410 | $ 8690 |","contingent consideration of up to $ 13.8 million .
the contingent consideration arrangement requires additional cash payments to the former equity holders of lyric upon the achievement of certain technological and product development milestones payable during the period from june 2011 through june 2016 .
the company estimated the fair value of the contingent consideration arrangement utilizing the income approach .
changes in the fair value of the contingent consideration subsequent to the acquisition date primarily driven by assumptions pertaining to the achievement of the defined milestones will be recognized in operating income in the period of the estimated fair value change .
as of october 29 , 2011 , no contingent payments have been made and the fair value of the contingent consideration was approximately $ 14.0 million .
the company allocated the purchase price to the tangible and intangible assets acquired and liabilities assumed based on their estimated fair values at the date of acquisition , resulting in the recognition of $ 12.2 million of ipr&d , $ 18.9 million of goodwill and $ 3.3 million of net deferred tax liabilities .
the goodwill recognized is attributable to future technologies that have yet to be determined as well as the assembled workforce of lyric .
future technologies do not meet the criteria for recognition separately from goodwill because they are a part of future development and growth of the business .
none of the goodwill is expected to be deductible for tax purposes .
in addition , the company will be obligated to pay royalties to the former equity holders of lyric on revenue recognized from the sale of lyric products and licenses through the earlier of 20 years or the accrual of a maximum of $ 25 million .
royalty payments to lyric employees require post-acquisition services to be rendered and , as such , the company will record these amounts as compensation expense in the related periods .
as of october 29 , 2011 , no royalty payments have been made .
the company recognized $ 0.2 million of acquisition-related costs that were expensed in the third quarter of fiscal 2011 .
these costs are included in operating expenses in the consolidated statement of income .
the company has not provided pro forma results of operations for integrant , audioasics and lyric herein as they were not material to the company on either an individual or an aggregate basis .
the company included the results of operations of each acquisition in its consolidated statement of income from the date of such acquisition .
7 .
deferred compensation plan investments investments in the analog devices , inc .
deferred compensation plan ( the deferred compensation plan ) are classified as trading .
the components of the investments as of october 29 , 2011 and october 30 , 2010 were as follows: .","the fair values of these investments are based on published market quotes on october 29 , 2011 and october 30 , 2010 , respectively .
adjustments to the fair value of , and income pertaining to , deferred compensation plan investments are recorded in operating expenses .
gross realized and unrealized gains and losses from trading securities were not material in fiscal 2011 , 2010 or 2009 .
the company has recorded a corresponding liability for amounts owed to the deferred compensation plan participants ( see note 10 ) .
these investments are specifically designated as available to the company solely for the purpose of paying benefits under the deferred compensation plan .
however , in the event the company became insolvent , the investments would be available to all unsecured general creditors .
8 .
other investments other investments consist of equity securities and other long-term investments .
investments are stated at fair value , which is based on market quotes or on a cost-basis , dependent on the nature of the investment , as appropriate .
adjustments to the fair value of investments classified as available-for-sale are recorded as an increase or decrease analog devices , inc .
notes to consolidated financial statements 2014 ( continued ) .",pdf/ADI/2011/page_81.pdf,Analog Devices,ADI,2011,81,Information Technology,Semiconductors,"Wilmington, Massachusetts",6281,1965,data/FinQA/dev/pdf/ADI/2011/page_81.pdf
